,Longitud,Latitud,Enero,Febrero,Marzo,Abril,Mayo,Junio,Julio,Agosto,Septiembre,Octubre,Noviembre,Diciembre,Media,Media Real,Diferencia
0,-179.75,71.25,-23.0º,-25.7º,-24.3º,-17.9º,-7.1º,-0.1º,1.8º,1.4º,-1.7º,-8.2º,-15.6º,-22.2º,-11.6º,-11.9º,0.3º
1,-179.75,68.75,-26.0º,-28.7º,-26.7º,-20.0º,-7.8º,0.1º,3.0º,1.7º,-1.9º,-10.4º,-18.2º,-25.5º,-13.3º,-13.4º,0.1º
2,-179.75,68.25,-25.9º,-27.6º,-25.9º,-19.3º,-8.6º,0.0º,2.9º,2.0º,-1.8º,-9.7º,-17.5º,-24.5º,-12.9º,-13.0º,0.1º
3,-179.75,67.75,-24.1º,-25.0º,-23.5º,-17.1º,-7.7º,1.2º,4.5º,3.8º,-0.2º,-7.6º,-15.3º,-22.2º,-11.0º,-11.1º,0.1º
4,-179.75,67.25,-24.8º,-24.8º,-24.0º,-17.4º,-9.1º,-0.4º,3.4º,3.0º,-1.6º,-8.4º,-16.0º,-22.4º,-11.7º,-11.9º,0.2º
5,-179.75,66.75,-21.0º,-20.1º,-20.3º,-13.0º,-5.8º,2.6º,6.7º,6.8º,1.4º,-5.0º,-12.4º,-18.2º,-8.1º,-8.2º,0.1º
6,-179.75,66.25,-19.2º,-17.9º,-19.1º,-11.0º,-4.2º,3.9º,8.2º,8.4º,2.5º,-3.5º,-11.0º,-16.2º,-6.5º,-6.6º,0.1º
7,-179.75,65.75,-17.9º,-17.5º,-18.0º,-10.2º,-2.8º,5.2º,9.7º,9.6º,3.9º,-2.8º,-10.5º,-15.9º,-5.6º,-5.6º,0.0º
8,-179.75,65.25,-17.5º,-18.2º,-17.9º,-10.8º,-2.3º,5.3º,10.1º,9.5º,4.1º,-3.5º,-11.2º,-16.6º,-5.6º,-5.8º,0.2º
9,-179.75,-16.75,27.0º,27.2º,27.0º,26.7º,26.1º,25.4º,24.8º,24.8º,25.0º,25.7º,26.2º,26.7º,20.0º,26.0º,-6.0º
10,-179.75,-84.75,-18.5º,-26.9º,-37.9º,-42.7º,-44.0º,-43.8º,-47.7º,-47.9º,-46.8º,-38.0º,-27.1º,-18.5º,-36.7º,-36.6º,-0.1º
11,-179.75,-85.25,-23.6º,-32.5º,-43.8º,-48.4º,-49.6º,-49.5º,-53.0º,-53.1º,-52.3º,-43.5º,-32.4º,-23.6º,-42.2º,-42.1º,-0.1º
12,-179.75,-85.75,-23.1º,-32.7º,-44.3º,-48.6º,-49.6º,-49.7º,-52.7º,-52.9º,-52.2º,-43.5º,-32.2º,-23.1º,-42.1º,-42.0º,-0.1º
13,-179.75,-86.25,-25.1º,-35.3º,-47.3º,-51.4º,-52.1º,-52.4º,-55.0º,-55.2º,-54.6º,-45.9º,-34.4º,-25.0º,-44.6º,-44.5º,-0.1º
14,-179.75,-86.75,-26.8º,-37.6º,-50.0º,-53.8º,-54.4º,-54.8º,-57.0º,-57.2º,-56.7º,-48.2º,-36.5º,-26.7º,-46.7º,-46.6º,-0.1º
15,-179.75,-87.25,-27.8º,-39.1º,-51.8º,-55.5º,-56.0º,-56.4º,-58.4º,-58.5º,-58.1º,-49.6º,-37.7º,-27.8º,-48.1º,-48.1º,0.0º
16,-179.75,-87.75,-28.4º,-40.1º,-53.0º,-56.5º,-57.0º,-57.4º,-59.2º,-59.3º,-59.0º,-50.6º,-38.5º,-28.4º,-44.0º,-48.9º,4.9º
17,-179.75,-88.25,-29.1º,-41.1º,-54.3º,-57.7º,-58.1º,-58.6º,-60.1º,-60.2º,-60.0º,-51.5º,-39.3º,-29.1º,-50.0º,-49.9º,-0.1º
18,-179.75,-88.75,-29.1º,-41.3º,-54.6º,-58.1º,-58.3º,-58.8º,-60.3º,-60.3º,-60.2º,-51.6º,-39.5º,-29.0º,-52.2º,-50.1º,-2.1º
19,-179.75,-89.25,-28.5º,-40.9º,-54.2º,-57.7º,-57.9º,-58.4º,-59.8º,-59.8º,-59.7º,-51.2º,-38.9º,-28.5º,-49.7º,-49.6º,-0.1º
20,-179.75,-89.75,-27.7º,-40.2º,-53.6º,-57.0º,-57.2º,-57.7º,-59.1º,-59.1º,-59.0º,-50.5º,-38.1º,-27.7º,-49.0º,-48.9º,-0.1º
21,-179.25,71.25,-23.5º,-26.2º,-24.8º,-18.3º,-7.6º,-0.4º,1.4º,1.0º,-2.2º,-8.7º,-16.2º,-22.7º,-12.1º,-12.4º,0.3º
22,-179.25,68.75,-24.0º,-26.6º,-24.7º,-17.9º,-6.3º,2.1º,4.8º,3.6º,-0.1º,-8.4º,-16.1º,-23.2º,-11.4º,-11.4º,0.0º
23,-179.25,68.25,-25.4º,-27.3º,-25.4º,-19.0º,-8.3º,0.3º,3.3º,2.3º,-1.5º,-9.4º,-17.1º,-24.2º,-14.5º,-12.6º,-1.9º
24,-179.25,67.75,-24.7º,-25.8º,-23.9º,-18.0º,-8.4º,0.5º,3.7º,3.0º,-0.9º,-8.3º,-16.0º,-23.0º,-11.8º,-11.8º,0.0º
25,-179.25,67.25,-22.5º,-22.6º,-21.3º,-15.4º,-6.9º,2.0º,5.6º,5.1º,0.9º,-6.1º,-13.6º,-20.2º,-9.5º,-9.6º,0.1º
26,-179.25,66.75,-21.9º,-21.1º,-20.8º,-14.2º,-6.6º,1.8º,5.9º,5.8º,0.8º,-5.8º,-13.1º,-19.0º,-8.9º,-9.0º,0.1º
27,-179.25,-84.75,-17.1º,-25.6º,-36.6º,-41.4º,-42.6º,-42.6º,-46.3º,-46.6º,-45.5º,-36.7º,-25.8º,-17.1º,-35.3º,-35.3º,0.0º
28,-179.25,-85.25,-23.5º,-32.4º,-43.8º,-48.3º,-49.6º,-49.4º,-52.9º,-53.1º,-52.2º,-43.5º,-32.4º,-23.6º,-45.2º,-42.1º,-3.1º
29,-179.25,-85.75,-23.0º,-32.5º,-44.1º,-48.4º,-49.4º,-49.4º,-52.6º,-52.7º,-52.0º,-43.3º,-32.0º,-22.9º,-42.0º,-41.9º,-0.1º
30,-179.25,-86.25,-25.1º,-35.3º,-47.3º,-51.4º,-52.1º,-52.4º,-54.9º,-55.2º,-54.6º,-45.9º,-34.4º,-25.0º,-44.6º,-44.5º,-0.1º
31,-179.25,-86.75,-26.8º,-37.6º,-50.0º,-53.8º,-54.4º,-54.8º,-57.0º,-57.2º,-56.7º,-48.2º,-36.5º,-26.7º,-46.7º,-46.6º,-0.1º
32,-179.25,-87.25,-27.8º,-39.1º,-51.8º,-55.4º,-56.0º,-56.3º,-58.3º,-58.5º,-58.1º,-49.6º,-37.7º,-27.8º,-48.1º,-48.0º,-0.1º
33,-179.25,-87.75,-28.4º,-40.1º,-53.0º,-56.5º,-56.9º,-57.4º,-59.2º,-59.3º,-59.0º,-50.6º,-38.5º,-28.4º,-43.0º,-48.9º,5.9º
34,-179.25,-88.25,-29.1º,-41.1º,-54.3º,-57.7º,-58.1º,-58.6º,-60.1º,-60.2º,-60.0º,-51.5º,-39.3º,-29.1º,-50.0º,-49.9º,-0.1º
35,-179.25,-88.75,-29.1º,-41.3º,-54.6º,-58.1º,-58.3º,-58.8º,-60.3º,-60.3º,-60.2º,-51.6º,-39.4º,-29.0º,-50.2º,-50.1º,-0.1º
36,-179.25,-89.25,-28.5º,-40.9º,-54.2º,-57.7º,-57.9º,-58.4º,-59.8º,-59.8º,-59.7º,-51.2º,-38.9º,-28.5º,-49.7º,-49.6º,-0.1º
37,-179.25,-89.75,-27.7º,-40.2º,-53.6º,-57.0º,-57.2º,-57.7º,-59.1º,-59.1º,-59.0º,-50.5º,-38.1º,-27.7º,-44.0º,-48.9º,4.9º
38,-178.75,71.25,-23.3º,-25.9º,-24.6º,-17.9º,-7.2º,0.0º,1.8º,1.3º,-1.8º,-8.5º,-16.1º,-22.5º,-11.9º,-12.1º,0.2º
39,-178.75,68.25,-23.5º,-25.3º,-23.2º,-17.2º,-6.6º,2.1º,5.1º,4.1º,0.4º,-7.4º,-15.1º,-22.3º,-10.7º,-10.7º,0.0º
40,-178.75,67.75,-23.1º,-24.1º,-21.7º,-16.6º,-7.0º,1.9º,5.2º,4.4º,0.7º,-6.7º,-14.2º,-21.3º,-10.2º,-10.2º,0.0º
41,-178.75,67.25,-21.2º,-21.4º,-19.4º,-14.4º,-5.8º,3.3º,6.8º,6.3º,2.2º,-4.8º,-12.1º,-19.0º,-8.2º,-8.3º,0.1º
42,-178.75,66.75,-22.4º,-21.7º,-20.8º,-14.9º,-7.3º,1.4º,5.4º,5.2º,0.4º,-6.0º,-13.4º,-19.6º,-9.4º,-9.5º,0.1º
43,-178.75,66.25,-20.3º,-19.3º,-19.4º,-12.5º,-5.2º,3.1º,7.5º,7.4º,2.1º,-4.4º,-11.9º,-17.5º,-7.4º,-7.5º,0.1º
44,-178.75,-84.75,-19.4º,-27.8º,-38.8º,-43.6º,-44.9º,-44.8º,-48.5º,-48.8º,-47.7º,-38.9º,-28.0º,-19.4º,-37.5º,-37.6º,0.1º
45,-178.75,-85.25,-23.1º,-32.1º,-43.4º,-47.9º,-49.2º,-49.0º,-52.5º,-52.7º,-51.8º,-43.1º,-32.0º,-23.2º,-41.7º,-41.7º,0.0º
46,-178.75,-85.75,-22.8º,-32.4º,-43.9º,-48.2º,-49.2º,-49.2º,-52.4º,-52.6º,-51.8º,-43.1º,-31.9º,-22.8º,-41.8º,-41.7º,-0.1º
47,-178.75,-86.25,-25.1º,-35.3º,-47.3º,-51.4º,-52.1º,-52.4º,-54.9º,-55.2º,-54.6º,-45.9º,-34.4º,-25.0º,-44.6º,-44.5º,-0.1º
48,-178.75,-86.75,-26.7º,-37.6º,-50.0º,-53.8º,-54.4º,-54.8º,-57.0º,-57.2º,-56.7º,-48.2º,-36.5º,-26.7º,-46.7º,-46.6º,-0.1º
49,-178.75,-87.25,-27.8º,-39.1º,-51.8º,-55.4º,-55.8º,-56.2º,-58.3º,-58.4º,-58.1º,-49.5º,-37.7º,-27.8º,-48.1º,-48.0º,-0.1º
50,-178.75,-87.75,-28.4º,-40.1º,-53.0º,-56.5º,-56.9º,-57.4º,-59.2º,-59.3º,-59.0º,-50.5º,-38.5º,-28.4º,-49.0º,-48.9º,-0.1º
51,-178.75,-88.25,-29.1º,-41.1º,-54.3º,-57.7º,-58.1º,-58.6º,-60.2º,-60.2º,-60.0º,-51.5º,-39.3º,-29.1º,-52.0º,-49.9º,-2.1º
52,-178.75,-88.75,-29.1º,-41.3º,-54.6º,-58.0º,-58.2º,-58.8º,-60.3º,-60.3º,-60.1º,-51.6º,-39.4º,-29.0º,-53.2º,-50.1º,-3.1º
53,-178.75,-89.25,-28.5º,-40.9º,-54.2º,-57.6º,-57.9º,-58.4º,-59.8º,-59.8º,-59.7º,-51.2º,-38.9º,-28.5º,-49.7º,-49.6º,-0.1º
54,-178.75,-89.75,-27.7º,-40.2º,-53.6º,-57.0º,-57.2º,-57.7º,-59.1º,-59.1º,-59.0º,-50.5º,-38.1º,-27.7º,-49.0º,-48.9º,-0.1º
55,-178.25,71.25,-23.7º,-26.2º,-24.9º,-18.1º,-7.5º,-0.2º,1.6º,1.1º,-2.1º,-9.0º,-16.5º,-22.8º,-12.2º,-12.4º,0.2º
56,-178.25,68.25,-24.2º,-25.8º,-23.4º,-17.9º,-7.3º,1.4º,4.4º,3.4º,0.0º,-7.9º,-15.5º,-22.8º,-11.2º,-11.3º,0.1º
57,-178.25,67.75,-22.3º,-23.3º,-20.4º,-16.0º,-6.3º,2.9º,6.0º,5.3º,1.7º,-5.7º,-13.1º,-20.6º,-9.3º,-9.3º,0.0º
58,-178.25,67.25,-22.3º,-22.7º,-19.8º,-15.9º,-7.1º,2.2º,5.6º,5.0º,1.3º,-5.7º,-12.8º,-20.3º,-9.3º,-9.4º,0.1º
59,-178.25,66.75,-23.7º,-23.2º,-21.4º,-16.7º,-8.7º,0.2º,4.1º,3.7º,-0.5º,-7.2º,-14.4º,-21.1º,-10.7º,-10.7º,0.0º
60,-178.25,66.25,-18.8º,-18.2º,-17.3º,-11.5º,-3.9º,4.7º,8.9º,8.6º,3.8º,-2.8º,-10.2º,-16.2º,-5.9º,-6.1º,0.2º
61,-178.25,65.75,-18.1º,-17.8º,-17.3º,-10.8º,-3.2º,4.9º,9.3º,9.1º,3.9º,-2.9º,-10.3º,-15.9º,-5.7º,-5.8º,0.1º
62,-178.25,-84.75,-19.9º,-28.3º,-39.3º,-44.1º,-45.4º,-45.3º,-49.0º,-49.3º,-48.2º,-39.4º,-28.5º,-19.9º,-38.1º,-38.0º,-0.1º
63,-178.25,-85.25,-21.3º,-30.3º,-41.6º,-46.1º,-47.3º,-47.2º,-50.7º,-50.9º,-50.0º,-41.3º,-30.2º,-21.4º,-39.9º,-39.9º,0.0º
64,-178.25,-85.75,-22.7º,-32.2º,-43.8º,-48.1º,-49.1º,-49.1º,-52.3º,-52.4º,-51.7º,-43.0º,-31.7º,-22.6º,-41.7º,-41.6º,-0.1º
65,-178.25,-86.25,-25.1º,-35.3º,-47.2º,-51.3º,-52.0º,-52.3º,-54.9º,-55.1º,-54.5º,-45.9º,-34.5º,-25.0º,-44.5º,-44.4º,-0.1º
66,-178.25,-86.75,-26.7º,-37.6º,-50.0º,-53.8º,-54.4º,-54.6º,-57.0º,-57.1º,-56.7º,-48.1º,-36.5º,-26.6º,-46.7º,-46.6º,-0.1º
67,-178.25,-87.25,-27.7º,-39.1º,-51.7º,-55.4º,-55.8º,-56.3º,-58.3º,-58.4º,-58.0º,-49.5º,-37.7º,-27.7º,-48.0º,-48.0º,0.0º
68,-178.25,-87.75,-28.4º,-40.1º,-53.0º,-56.5º,-56.9º,-57.3º,-59.2º,-59.3º,-59.0º,-50.5º,-38.5º,-28.4º,-49.0º,-48.9º,-0.1º
69,-178.25,-88.25,-29.1º,-41.1º,-54.3º,-57.7º,-58.1º,-58.6º,-60.2º,-60.2º,-60.0º,-51.5º,-39.3º,-29.1º,-50.0º,-49.9º,-0.1º
70,-178.25,-88.75,-29.1º,-41.2º,-54.6º,-58.0º,-58.2º,-58.8º,-60.2º,-60.3º,-60.1º,-51.6º,-39.4º,-29.0º,-50.2º,-50.0º,-0.2º
71,-178.25,-89.25,-28.5º,-40.9º,-54.2º,-57.6º,-57.8º,-58.4º,-59.7º,-59.8º,-59.6º,-51.2º,-38.9º,-28.5º,-49.7º,-49.6º,-0.1º
72,-178.25,-89.75,-27.7º,-40.2º,-53.6º,-57.0º,-57.2º,-57.7º,-59.1º,-59.1º,-59.0º,-50.5º,-38.1º,-27.7º,-49.0º,-48.9º,-0.1º
73,-177.75,71.25,-23.1º,-25.4º,-24.2º,-17.3º,-6.7º,0.6º,2.4º,2.0º,-1.3º,-8.4º,-15.9º,-22.1º,-11.5º,-11.6º,0.1º
74,-177.75,68.25,-23.0º,-24.6º,-21.7º,-16.9º,-6.4º,2.6º,5.5º,4.5º,1.2º,-6.6º,-14.2º,-21.6º,-10.0º,-10.1º,0.1º
75,-177.75,67.75,-22.8º,-23.8º,-20.2º,-16.7º,-6.9º,2.4º,5.6º,4.7º,1.5º,-6.0º,-13.3º,-21.0º,-9.6º,-9.7º,0.1º
76,-177.75,67.25,-21.5º,-22.0º,-18.1º,-15.4º,-6.3º,3.1º,6.4º,5.8º,2.5º,-4.5º,-11.5º,-19.4º,-8.4º,-8.4º,0.0º
77,-177.75,66.75,-23.7º,-23.4º,-20.4º,-17.2º,-9.0º,0.3º,4.0º,3.6º,-0.1º,-6.8º,-13.9º,-21.2º,-10.5º,-10.6º,0.1º
78,-177.75,66.25,-20.3º,-19.6º,-18.0º,-13.3º,-5.5º,3.3º,7.3º,7.0º,2.6º,-4.0º,-11.2º,-17.5º,-7.3º,-7.4º,0.1º
79,-177.75,65.75,-18.9º,-18.5º,-17.7º,-11.8º,-4.1º,4.1º,8.3º,8.2º,3.2º,-3.3º,-10.7º,-16.6º,-6.4º,-6.5º,0.1º
80,-177.75,-84.75,-19.3º,-27.7º,-38.7º,-43.4º,-44.7º,-44.7º,-48.4º,-48.6º,-47.6º,-38.8º,-27.9º,-19.3º,-37.4º,-37.4º,0.0º
81,-177.75,-85.25,-19.4º,-28.3º,-39.6º,-44.1º,-45.4º,-45.2º,-48.7º,-48.9º,-48.0º,-39.3º,-28.2º,-19.4º,-37.9º,-37.9º,0.0º
82,-177.75,-85.75,-22.6º,-32.2º,-43.8º,-48.1º,-49.1º,-49.1º,-52.2º,-52.4º,-51.7º,-43.0º,-31.7º,-22.6º,-45.7º,-41.5º,-4.2º
83,-177.75,-86.25,-25.0º,-35.2º,-47.2º,-51.3º,-51.9º,-52.2º,-54.8º,-55.1º,-54.4º,-45.8º,-34.4º,-24.9º,-44.4º,-44.4º,0.0º
84,-177.75,-86.75,-26.7º,-37.6º,-49.9º,-53.7º,-54.3º,-54.6º,-56.9º,-57.1º,-56.6º,-48.1º,-36.4º,-26.6º,-46.7º,-46.5º,-0.2º
85,-177.75,-87.25,-27.7º,-39.0º,-51.7º,-55.3º,-55.8º,-56.2º,-58.2º,-58.4º,-58.0º,-49.4º,-37.6º,-27.7º,-48.0º,-47.9º,-0.1º
86,-177.75,-87.75,-28.4º,-40.1º,-53.0º,-56.5º,-56.9º,-57.3º,-59.2º,-59.3º,-59.0º,-50.5º,-38.5º,-28.4º,-49.0º,-48.9º,-0.1º
87,-177.75,-88.25,-29.1º,-41.1º,-54.3º,-57.7º,-58.1º,-58.6º,-60.2º,-60.2º,-60.0º,-51.5º,-39.3º,-29.1º,-50.0º,-49.9º,-0.1º
88,-177.75,-88.75,-29.1º,-41.2º,-54.6º,-58.0º,-58.2º,-58.8º,-60.2º,-60.2º,-60.1º,-51.6º,-39.4º,-29.0º,-50.1º,-50.0º,-0.1º
89,-177.75,-89.25,-28.4º,-40.8º,-54.2º,-57.6º,-57.8º,-58.3º,-59.7º,-59.7º,-59.6º,-51.2º,-38.8º,-28.4º,-49.6º,-49.5º,-0.1º
90,-177.75,-89.75,-27.7º,-40.2º,-53.6º,-57.0º,-57.2º,-57.7º,-59.1º,-59.1º,-59.0º,-50.5º,-38.1º,-27.7º,-49.0º,-48.9º,-0.1º
91,-177.25,67.75,-22.6º,-23.6º,-19.4º,-16.8º,-6.9º,2.6º,5.7º,4.8º,1.9º,-5.6º,-12.7º,-20.9º,-9.4º,-9.5º,0.1º
92,-177.25,67.25,-22.0º,-22.5º,-17.6º,-16.2º,-7.0º,2.8º,6.1º,5.2º,2.5º,-4.7º,-11.6º,-20.0º,-8.7º,-8.8º,0.1º
93,-177.25,66.75,-21.1º,-21.0º,-16.6º,-15.0º,-6.6º,3.1º,6.6º,6.1º,2.9º,-3.9º,-10.7º,-18.8º,-7.8º,-7.9º,0.1º
94,-177.25,66.25,-21.4º,-20.9º,-18.2º,-14.9º,-7.0º,2.2º,6.0º,5.6º,1.9º,-4.7º,-11.8º,-18.8º,-8.4º,-8.5º,0.1º
95,-177.25,65.75,-19.1º,-18.7º,-17.3º,-12.3º,-4.7º,3.6º,7.8º,7.5º,3.0º,-3.4º,-10.5º,-16.7º,-8.7º,-6.7º,-2.0º
96,-177.25,51.75,0.6º,0.4º,1.3º,2.5º,4.4º,6.4º,8.7º,9.7º,8.5º,5.9º,3.1º,1.4º,4.5º,4.4º,0.1º
97,-177.25,-84.75,-18.0º,-26.4º,-37.3º,-42.1º,-43.4º,-43.2º,-47.1º,-47.3º,-46.3º,-37.5º,-26.6º,-18.0º,-36.1º,-36.1º,0.0º
98,-177.25,-85.25,-17.7º,-26.7º,-37.9º,-42.5º,-43.7º,-43.5º,-47.0º,-47.3º,-46.4º,-37.7º,-26.6º,-17.8º,-36.3º,-36.2º,-0.1º
99,-177.25,-85.75,-22.7º,-32.3º,-43.9º,-48.1º,-49.1º,-49.1º,-52.3º,-52.5º,-51.7º,-43.1º,-31.8º,-22.7º,-41.7º,-41.6º,-0.1º
100,-177.25,-86.25,-24.9º,-35.1º,-47.1º,-51.1º,-51.8º,-52.0º,-54.7º,-55.0º,-54.3º,-45.7º,-34.3º,-24.8º,-44.3º,-44.2º,-0.1º
101,-177.25,-86.75,-26.7º,-37.5º,-49.9º,-53.7º,-54.3º,-54.7º,-56.9º,-57.1º,-56.6º,-48.1º,-36.4º,-26.6º,-46.6º,-46.5º,-0.1º
102,-177.25,-87.25,-27.6º,-38.9º,-51.6º,-55.3º,-55.7º,-56.1º,-58.2º,-58.3º,-57.9º,-49.4º,-37.6º,-27.6º,-47.9º,-47.8º,-0.1º
103,-177.25,-87.75,-28.4º,-40.1º,-53.0º,-56.5º,-56.9º,-57.4º,-59.2º,-59.3º,-58.9º,-50.5º,-38.5º,-28.4º,-49.0º,-48.9º,-0.1º
104,-177.25,-88.25,-29.1º,-41.1º,-54.3º,-57.7º,-58.0º,-58.6º,-60.2º,-60.2º,-60.0º,-51.5º,-39.3º,-29.1º,-50.0º,-49.9º,-0.1º
105,-177.25,-88.75,-29.1º,-41.2º,-54.5º,-58.0º,-58.2º,-58.7º,-60.2º,-60.2º,-60.1º,-51.6º,-39.4º,-29.0º,-50.1º,-50.0º,-0.1º
106,-177.25,-89.25,-28.4º,-40.8º,-54.2º,-57.6º,-57.7º,-58.3º,-59.7º,-59.7º,-59.6º,-51.1º,-38.8º,-28.4º,-49.6º,-49.5º,-0.1º
107,-177.25,-89.75,-27.7º,-40.2º,-53.6º,-57.0º,-57.2º,-57.7º,-59.1º,-59.1º,-59.0º,-50.5º,-38.1º,-27.7º,-49.0º,-48.9º,-0.1º
108,-176.75,67.75,-22.3º,-23.3º,-18.5º,-16.6º,-6.8º,2.8º,6.0º,5.0º,2.3º,-5.1º,-12.1º,-20.5º,-9.0º,-9.1º,0.1º
109,-176.75,67.25,-22.4º,-23.0º,-17.3º,-16.9º,-7.5º,2.5º,5.7º,4.7º,2.4º,-4.8º,-11.6º,-20.4º,-9.1º,-9.0º,-0.1º
110,-176.75,66.75,-22.5º,-22.6º,-16.9º,-16.7º,-8.0º,1.9º,5.3º,4.7º,2.0º,-4.8º,-11.8º,-20.2º,-9.1º,-9.1º,0.0º
111,-176.75,66.25,-21.7º,-21.6º,-17.2º,-15.8º,-7.4º,2.1º,5.7º,5.1º,2.0º,-4.6º,-11.6º,-19.3º,-8.6º,-8.7º,0.1º
112,-176.75,65.75,-20.1º,-20.1º,-17.6º,-14.0º,-6.0º,2.4º,6.3º,5.8º,2.0º,-4.4º,-11.2º,-17.9º,-7.7º,-7.9º,0.2º
113,-176.75,51.75,-0.9º,-1.1º,0.1º,1.4º,3.4º,5.6º,8.0º,9.1º,7.4º,4.5º,1.6º,-0.1º,3.2º,3.2º,0.0º
114,-176.75,-84.75,-12.6º,-21.0º,-32.0º,-36.7º,-38.0º,-37.9º,-41.7º,-41.9º,-40.9º,-32.1º,-21.3º,-12.6º,-30.7º,-30.7º,0.0º
115,-176.75,-85.25,-17.0º,-25.9º,-37.2º,-41.7º,-43.0º,-42.8º,-46.3º,-46.5º,-45.6º,-37.0º,-25.9º,-17.1º,-35.5º,-35.5º,0.0º
116,-176.75,-85.75,-23.0º,-32.5º,-44.1º,-48.3º,-49.3º,-49.3º,-52.5º,-52.7º,-51.9º,-43.3º,-32.0º,-22.9º,-41.9º,-41.8º,-0.1º
117,-176.75,-86.25,-24.8º,-34.9º,-46.9º,-51.0º,-51.7º,-51.9º,-54.5º,-54.8º,-54.2º,-45.6º,-34.2º,-24.7º,-44.2º,-44.1º,-0.1º
118,-176.75,-86.75,-26.6º,-37.5º,-49.8º,-53.6º,-54.3º,-54.6º,-56.9º,-57.0º,-56.6º,-48.0º,-36.4º,-26.5º,-46.6º,-46.5º,-0.1º
119,-176.75,-87.25,-27.6º,-38.9º,-51.6º,-55.2º,-55.6º,-56.0º,-58.1º,-58.2º,-57.8º,-49.3º,-37.5º,-27.6º,-47.9º,-47.8º,-0.1º
120,-176.75,-87.75,-28.4º,-40.0º,-53.0º,-56.5º,-56.9º,-57.3º,-59.2º,-59.3º,-58.9º,-50.5º,-38.5º,-28.4º,-49.0º,-48.9º,-0.1º
121,-176.75,-88.25,-29.1º,-41.1º,-54.3º,-57.7º,-58.0º,-58.5º,-60.2º,-60.2º,-60.1º,-51.5º,-39.3º,-29.1º,-50.0º,-49.9º,-0.1º
122,-176.75,-88.75,-29.1º,-41.2º,-54.5º,-58.0º,-58.2º,-58.7º,-60.2º,-60.2º,-60.1º,-51.6º,-39.4º,-28.9º,-50.1º,-50.0º,-0.1º
123,-176.75,-89.25,-28.4º,-40.8º,-54.1º,-57.6º,-57.7º,-58.3º,-59.7º,-59.7º,-59.6º,-51.1º,-38.8º,-28.4º,-49.6º,-49.5º,-0.1º
124,-176.75,-89.75,-27.7º,-40.2º,-53.6º,-57.0º,-57.2º,-57.7º,-59.1º,-59.1º,-59.0º,-50.5º,-38.1º,-27.7º,-49.0º,-48.9º,-0.1º
125,-176.25,67.75,-22.4º,-23.5º,-18.0º,-17.1º,-7.2º,2.6º,5.7º,4.7º,2.3º,-5.1º,-12.0º,-20.7º,-9.2º,-9.2º,0.0º
126,-176.25,67.25,-22.5º,-23.2º,-16.7º,-17.4º,-7.9º,2.4º,5.5º,4.5º,2.5º,-4.8º,-11.5º,-20.6º,-9.2º,-9.1º,-0.1º
127,-176.25,66.75,-22.5º,-22.9º,-15.9º,-17.1º,-8.2º,2.1º,5.4º,4.5º,2.4º,-4.6º,-11.4º,-20.4º,-10.0º,-9.0º,-1.0º
128,-176.25,66.25,-22.7º,-22.9º,-17.0º,-17.2º,-8.6º,1.4º,4.7º,4.0º,1.6º,-5.3º,-12.1º,-20.5º,-9.5º,-9.5º,0.0º
129,-176.25,65.75,-19.3º,-19.8º,-16.2º,-13.7º,-5.4º,3.0º,6.6º,6.0º,2.9º,-3.5º,-10.2º,-17.3º,-7.1º,-7.2º,0.1º
130,-176.25,-43.75,15.0º,15.6º,14.6º,12.8º,11.1º,9.2º,8.5º,8.9º,9.5º,10.7º,12.2º,13.7º,11.8º,11.8º,0.0º
131,-176.25,-44.25,15.0º,15.1º,14.5º,12.8º,10.9º,9.4º,8.6º,8.9º,9.6º,10.7º,11.9º,13.8º,11.7º,11.8º,-0.1º
132,-176.25,-84.75,-9.9º,-18.3º,-29.2º,-34.0º,-35.3º,-35.1º,-39.0º,-39.2º,-38.2º,-29.4º,-18.6º,-9.9º,-28.0º,-28.0º,0.0º
133,-176.25,-85.25,-16.5º,-25.5º,-36.7º,-41.2º,-42.5º,-42.4º,-45.8º,-46.0º,-45.2º,-36.5º,-25.4º,-16.6º,-35.0º,-35.0º,0.0º
134,-176.25,-85.75,-23.3º,-32.7º,-44.4º,-48.6º,-49.6º,-49.6º,-52.8º,-53.0º,-52.3º,-43.6º,-32.3º,-23.2º,-42.2º,-42.1º,-0.1º
135,-176.25,-86.25,-24.7º,-34.9º,-46.8º,-50.9º,-51.6º,-51.8º,-54.5º,-54.7º,-54.1º,-45.5º,-34.1º,-24.6º,-44.1º,-44.0º,-0.1º
136,-176.25,-86.75,-26.6º,-37.5º,-49.8º,-53.6º,-54.2º,-54.5º,-56.8º,-57.0º,-56.5º,-48.0º,-36.3º,-26.5º,-46.5º,-46.4º,-0.1º
137,-176.25,-87.25,-27.5º,-38.8º,-51.5º,-55.1º,-55.5º,-55.9º,-58.0º,-58.2º,-57.8º,-49.2º,-37.4º,-27.5º,-47.8º,-47.7º,-0.1º
138,-176.25,-87.75,-28.4º,-40.0º,-53.0º,-56.5º,-56.9º,-57.3º,-59.1º,-59.2º,-58.9º,-50.5º,-38.4º,-28.4º,-48.9º,-48.9º,0.0º
139,-176.25,-88.25,-29.1º,-41.1º,-54.3º,-57.7º,-58.0º,-58.5º,-60.2º,-60.2º,-60.1º,-51.5º,-39.3º,-29.1º,-53.0º,-49.9º,-3.1º
140,-176.25,-88.75,-29.0º,-41.2º,-54.5º,-58.0º,-58.2º,-58.7º,-60.2º,-60.2º,-60.1º,-51.5º,-39.4º,-28.9º,-50.1º,-50.0º,-0.1º
141,-176.25,-89.25,-28.4º,-40.8º,-54.1º,-57.5º,-57.7º,-58.3º,-59.7º,-59.7º,-59.6º,-51.1º,-38.8º,-28.4º,-49.6º,-49.5º,-0.1º
142,-176.25,-89.75,-27.7º,-40.2º,-53.6º,-57.0º,-57.2º,-57.7º,-59.1º,-59.1º,-59.0º,-50.5º,-38.1º,-27.7º,-49.0º,-48.9º,-0.1º
143,-175.75,67.75,-22.3º,-23.3º,-17.1º,-17.2º,-7.4º,2.7º,5.8º,4.7º,2.8º,-4.7º,-11.6º,-20.5º,-9.0º,-9.0º,0.0º
144,-175.75,67.25,-22.3º,-22.9º,-15.5º,-17.3º,-7.9º,2.8º,5.8º,4.8º,3.1º,-4.1º,-10.9º,-20.2º,-8.6º,-8.7º,0.1º
145,-175.75,66.75,-22.2º,-22.7º,-14.9º,-17.1º,-7.9º,2.6º,5.8º,4.8º,3.1º,-4.0º,-10.7º,-20.0º,-8.6º,-8.6º,0.0º
146,-175.75,66.25,-22.3º,-22.9º,-16.3º,-17.1º,-8.4º,1.6º,4.9º,4.0º,2.0º,-4.8º,-11.6º,-20.3º,-9.2º,-9.3º,0.1º
147,-175.75,65.75,-19.4º,-20.4º,-15.5º,-14.4º,-5.7º,3.0º,6.4º,5.6º,3.0º,-3.6º,-10.0º,-17.7º,-7.3º,-7.4º,0.1º
148,-175.75,65.25,-15.1º,-16.6º,-14.1º,-10.2º,-2.1º,4.2º,7.7º,7.4º,3.9º,-2.1º,-7.7º,-13.9º,-4.8º,-4.9º,0.1º
149,-175.75,-84.75,-15.2º,-23.6º,-34.5º,-39.3º,-40.6º,-40.4º,-44.3º,-44.5º,-43.5º,-34.7º,-23.8º,-15.3º,-33.3º,-33.3º,0.0º
150,-175.75,-85.25,-17.2º,-26.1º,-37.4º,-41.9º,-43.2º,-43.1º,-46.5º,-46.7º,-45.8º,-37.2º,-26.1º,-17.3º,-35.7º,-35.7º,0.0º
151,-175.75,-85.75,-23.5º,-33.0º,-44.6º,-48.9º,-49.9º,-49.9º,-53.1º,-53.3º,-52.5º,-43.9º,-32.6º,-23.5º,-42.5º,-42.4º,-0.1º
152,-175.75,-86.25,-24.6º,-34.8º,-46.7º,-50.8º,-51.5º,-51.7º,-54.4º,-54.7º,-54.0º,-45.4º,-34.1º,-24.5º,-47.0º,-43.9º,-3.1º
153,-175.75,-86.75,-26.6º,-37.4º,-49.8º,-53.6º,-54.2º,-54.4º,-56.8º,-57.0º,-56.5º,-48.0º,-36.3º,-26.5º,-46.5º,-46.4º,-0.1º
154,-175.75,-87.25,-27.4º,-38.7º,-51.4º,-55.0º,-55.4º,-55.8º,-57.9º,-58.0º,-57.7º,-49.1º,-37.3º,-27.4º,-47.7º,-47.6º,-0.1º
155,-175.75,-87.75,-28.3º,-40.0º,-52.9º,-56.5º,-56.9º,-57.3º,-59.1º,-59.2º,-58.9º,-50.5º,-38.4º,-28.3º,-48.9º,-48.9º,0.0º
156,-175.75,-88.25,-29.1º,-41.1º,-54.3º,-57.7º,-58.0º,-58.5º,-60.2º,-60.2º,-60.1º,-51.5º,-39.4º,-29.1º,-50.0º,-49.9º,-0.1º
157,-175.75,-88.75,-29.0º,-41.2º,-54.5º,-58.0º,-58.2º,-58.7º,-60.2º,-60.2º,-60.1º,-51.5º,-39.4º,-28.9º,-50.1º,-50.0º,-0.1º
158,-175.75,-89.25,-28.4º,-40.8º,-54.1º,-57.5º,-57.7º,-58.3º,-59.7º,-59.7º,-59.6º,-51.1º,-38.8º,-28.4º,-49.6º,-49.5º,-0.1º
159,-175.75,-89.75,-27.7º,-40.2º,-53.6º,-57.0º,-57.2º,-57.7º,-59.1º,-59.1º,-59.0º,-50.5º,-38.1º,-27.7º,-49.0º,-48.9º,-0.1º
160,-175.25,67.25,-22.3º,-22.9º,-14.8º,-17.4º,-8.0º,2.8º,5.9º,4.8º,3.4º,-3.8º,-10.5º,-20.2º,-8.5º,-8.6º,0.1º
161,-175.25,66.75,-22.4º,-23.0º,-14.7º,-17.6º,-8.3º,2.5º,5.7º,4.5º,3.2º,-4.0º,-10.6º,-20.3º,-8.7º,-8.7º,0.0º
162,-175.25,66.25,-21.1º,-21.9º,-15.3º,-16.0º,-7.1º,2.7º,6.1º,5.0º,3.2º,-3.7º,-10.3º,-19.0º,-8.1º,-8.1º,0.0º
163,-175.25,65.75,-19.5º,-20.8º,-15.8º,-14.6º,-5.8º,2.7º,6.1º,5.2º,2.7º,-3.9º,-10.2º,-17.8º,-7.5º,-7.6º,0.1º
164,-175.25,65.25,-18.4º,-20.2º,-17.5º,-13.6º,-5.4º,0.9º,4.5º,4.0º,0.7º,-5.3º,-11.1º,-17.2º,-8.2º,-8.2º,0.0º
165,-175.25,-84.75,-16.7º,-25.1º,-36.1º,-40.8º,-42.1º,-41.9º,-45.8º,-46.0º,-45.0º,-36.2º,-25.4º,-16.8º,-34.8º,-34.8º,0.0º
166,-175.25,-85.25,-21.4º,-30.3º,-41.6º,-46.1º,-47.4º,-47.2º,-50.7º,-50.9º,-50.1º,-41.4º,-30.3º,-21.5º,-39.9º,-39.9º,0.0º
167,-175.25,-85.75,-23.6º,-33.3º,-44.8º,-49.0º,-50.1º,-50.1º,-53.1º,-53.4º,-52.7º,-44.0º,-32.8º,-23.7º,-42.7º,-42.6º,-0.1º
168,-175.25,-86.25,-24.5º,-34.7º,-46.7º,-50.7º,-51.4º,-51.6º,-54.3º,-54.6º,-54.0º,-45.3º,-34.0º,-24.4º,-44.0º,-43.8º,-0.2º
169,-175.25,-86.75,-26.5º,-37.4º,-49.7º,-53.5º,-54.1º,-54.4º,-56.7º,-56.9º,-56.5º,-47.9º,-36.3º,-26.4º,-46.5º,-46.4º,-0.1º
170,-175.25,-87.25,-27.3º,-38.6º,-51.2º,-54.9º,-55.3º,-55.7º,-57.8º,-57.9º,-57.5º,-49.0º,-37.2º,-27.3º,-47.6º,-47.5º,-0.1º
171,-175.25,-87.75,-28.3º,-40.0º,-52.9º,-56.4º,-56.8º,-57.2º,-59.1º,-59.2º,-58.9º,-50.5º,-38.4º,-28.3º,-48.9º,-48.8º,-0.1º
172,-175.25,-88.25,-29.1º,-41.1º,-54.3º,-57.7º,-58.0º,-58.5º,-60.2º,-60.2º,-60.0º,-51.5º,-39.4º,-29.1º,-50.0º,-49.9º,-0.1º
173,-175.25,-88.75,-29.0º,-41.3º,-54.5º,-57.9º,-58.1º,-58.7º,-60.2º,-60.2º,-60.1º,-51.5º,-39.3º,-28.9º,-50.1º,-50.0º,-0.1º
174,-175.25,-89.25,-28.4º,-40.8º,-54.1º,-57.5º,-57.7º,-58.3º,-59.6º,-59.6º,-59.5º,-51.1º,-38.8º,-28.4º,-49.6º,-49.5º,-0.1º
175,-175.25,-89.75,-27.7º,-40.2º,-53.6º,-57.0º,-57.2º,-57.7º,-59.1º,-59.1º,-59.0º,-50.5º,-38.1º,-27.7º,-49.0º,-48.9º,-0.1º
176,-174.75,67.25,-22.4º,-22.8º,-14.1º,-17.7º,-8.2º,2.9º,6.0º,4.7º,3.7º,-3.6º,-10.3º,-20.2º,-9.5º,-8.5º,-1.0º
177,-174.75,66.75,-21.9º,-22.6º,-14.0º,-17.3º,-7.9º,2.9º,6.1º,4.9º,3.7º,-3.4º,-10.1º,-19.9º,-8.3º,-8.3º,0.0º
178,-174.75,66.25,-21.2º,-22.3º,-15.7º,-16.3º,-7.4º,2.4º,5.7º,4.6º,2.9º,-4.0º,-10.6º,-19.2º,-8.4º,-8.4º,0.0º
179,-174.75,65.75,-19.2º,-20.7º,-16.0º,-14.2º,-5.5º,2.6º,6.1º,5.4º,2.8º,-3.8º,-10.2º,-17.4º,-7.4º,-7.5º,0.1º
180,-174.75,65.25,-16.7º,-18.5º,-15.9º,-11.8º,-3.7º,2.7º,6.3º,5.8º,2.5º,-3.4º,-9.3º,-15.4º,-6.4º,-6.5º,0.1º
181,-174.75,-84.75,-14.4º,-22.8º,-33.7º,-38.5º,-39.8º,-39.6º,-43.4º,-43.7º,-42.7º,-33.9º,-23.1º,-14.5º,-32.5º,-32.5º,0.0º
182,-174.75,-85.25,-21.6º,-30.5º,-41.7º,-46.2º,-47.5º,-47.3º,-50.8º,-51.0º,-50.2º,-41.5º,-30.4º,-21.6º,-40.0º,-40.0º,0.0º
183,-174.75,-85.75,-23.8º,-33.4º,-44.9º,-49.1º,-50.2º,-50.1º,-53.2º,-53.5º,-52.8º,-44.1º,-32.9º,-23.8º,-42.8º,-42.6º,-0.2º
184,-174.75,-86.25,-24.5º,-34.7º,-46.6º,-50.6º,-51.3º,-51.5º,-54.2º,-54.5º,-53.9º,-45.3º,-33.8º,-24.4º,-43.9º,-43.8º,-0.1º
185,-174.75,-86.75,-26.5º,-37.3º,-49.7º,-53.4º,-54.1º,-54.3º,-56.7º,-56.9º,-56.4º,-47.9º,-36.2º,-26.4º,-46.4º,-46.3º,-0.1º
186,-174.75,-87.25,-27.2º,-38.5º,-51.1º,-54.8º,-55.2º,-55.6º,-57.7º,-57.8º,-57.4º,-48.9º,-37.1º,-27.2º,-47.5º,-47.4º,-0.1º
187,-174.75,-87.75,-28.3º,-40.0º,-52.9º,-56.4º,-56.8º,-57.3º,-59.1º,-59.2º,-58.9º,-50.5º,-38.4º,-28.3º,-48.9º,-48.8º,-0.1º
188,-174.75,-88.25,-29.1º,-41.2º,-54.3º,-57.7º,-58.0º,-58.5º,-60.2º,-60.2º,-60.0º,-51.5º,-39.4º,-29.1º,-50.0º,-49.9º,-0.1º
189,-174.75,-88.75,-29.0º,-41.3º,-54.5º,-57.9º,-58.1º,-58.7º,-60.1º,-60.2º,-60.0º,-51.5º,-39.2º,-28.9º,-50.1º,-49.9º,-0.2º
190,-174.75,-89.25,-28.3º,-40.7º,-54.1º,-57.5º,-57.7º,-58.2º,-59.6º,-59.6º,-59.5º,-51.1º,-38.7º,-28.3º,-49.5º,-49.4º,-0.1º
191,-174.75,-89.75,-27.7º,-40.2º,-53.6º,-57.0º,-57.2º,-57.7º,-59.1º,-59.1º,-59.0º,-50.5º,-38.1º,-27.7º,-49.0º,-48.9º,-0.1º
192,-174.25,66.25,-20.6º,-21.6º,-15.1º,-15.6º,-6.6º,3.0º,6.4º,5.4º,3.6º,-3.3º,-9.9º,-18.4º,-7.7º,-7.7º,0.0º
193,-174.25,65.75,-20.4º,-22.0º,-17.7º,-15.4º,-6.8º,1.1º,4.7º,4.0º,1.3º,-5.1º,-11.6º,-18.7º,-8.8º,-8.9º,0.1º
194,-174.25,65.25,-18.0º,-19.8º,-17.3º,-12.9º,-4.8º,1.5º,5.3º,4.8º,1.4º,-4.7º,-10.6º,-16.6º,-7.6º,-7.6º,0.0º
195,-174.25,64.75,-13.8º,-15.9º,-14.1º,-9.3º,-1.4º,3.9º,7.7º,7.4º,3.8º,-2.0º,-7.4º,-12.9º,-4.3º,-4.5º,0.2º
196,-174.25,-82.75,-5.0º,-12.0º,-22.0º,-27.5º,-29.2º,-28.6º,-33.4º,-33.7º,-32.4º,-23.4º,-13.1º,-5.0º,-25.2º,-22.1º,-3.1º
197,-174.25,-84.75,-13.3º,-21.7º,-32.6º,-37.3º,-38.7º,-38.4º,-42.3º,-42.5º,-41.6º,-32.8º,-21.9º,-13.4º,-31.4º,-31.4º,0.0º
198,-174.25,-85.25,-22.8º,-31.7º,-42.9º,-47.4º,-48.6º,-48.5º,-52.0º,-52.2º,-51.4º,-42.7º,-31.6º,-22.8º,-41.2º,-41.2º,0.0º
199,-174.25,-85.75,-23.9º,-33.5º,-45.0º,-49.2º,-50.2º,-50.2º,-53.3º,-53.6º,-52.9º,-44.2º,-33.0º,-23.9º,-42.9º,-42.7º,-0.2º
200,-174.25,-86.25,-24.5º,-34.7º,-46.6º,-50.6º,-51.3º,-51.5º,-54.2º,-54.5º,-53.9º,-45.3º,-33.8º,-24.4º,-43.9º,-43.8º,-0.1º
201,-174.25,-86.75,-26.4º,-37.2º,-49.6º,-53.4º,-54.0º,-54.2º,-56.6º,-56.8º,-56.3º,-47.8º,-36.1º,-26.3º,-46.3º,-46.2º,-0.1º
202,-174.25,-87.25,-27.1º,-38.4º,-51.0º,-54.6º,-55.1º,-55.5º,-57.6º,-57.7º,-57.3º,-48.8º,-37.0º,-27.1º,-47.3º,-47.3º,0.0º
203,-174.25,-87.75,-28.3º,-40.0º,-52.9º,-56.4º,-56.8º,-57.2º,-59.1º,-59.2º,-58.8º,-50.4º,-38.4º,-28.3º,-48.9º,-48.8º,-0.1º
204,-174.25,-88.25,-29.1º,-41.2º,-54.3º,-57.7º,-58.0º,-58.6º,-60.2º,-60.2º,-60.0º,-51.6º,-39.4º,-29.1º,-50.0º,-49.9º,-0.1º
205,-174.25,-88.75,-29.0º,-41.2º,-54.4º,-57.8º,-58.1º,-58.6º,-60.1º,-60.1º,-60.0º,-51.4º,-39.2º,-28.8º,-50.0º,-49.9º,-0.1º
206,-174.25,-89.25,-28.3º,-40.7º,-54.1º,-57.5º,-57.6º,-58.2º,-59.6º,-59.6º,-59.5º,-51.0º,-38.7º,-28.3º,-49.5º,-49.4º,-0.1º
207,-174.25,-89.75,-27.7º,-40.2º,-53.6º,-57.0º,-57.2º,-57.7º,-59.1º,-59.1º,-59.0º,-50.5º,-38.1º,-27.7º,-49.0º,-48.9º,-0.1º
208,-173.75,66.75,-22.3º,-22.8º,-14.4º,-17.6º,-8.3º,2.7º,5.9º,4.5º,3.4º,-3.6º,-10.3º,-20.0º,-8.6º,-8.6º,0.0º
209,-173.75,66.25,-21.3º,-22.3º,-16.2º,-16.1º,-7.2º,2.2º,5.6º,4.6º,2.7º,-4.0º,-10.8º,-19.0º,-8.4º,-8.5º,0.1º
210,-173.75,65.75,-18.5º,-20.1º,-16.0º,-13.2º,-4.7º,3.1º,6.7º,6.0º,3.2º,-3.2º,-9.7º,-16.6º,-6.8º,-6.9º,0.1º
211,-173.75,65.25,-16.3º,-18.2º,-15.8º,-11.1º,-3.0º,3.3º,7.1º,6.6º,3.2º,-2.9º,-9.0º,-14.8º,-5.8º,-5.9º,0.1º
212,-173.75,64.75,-14.9º,-16.9º,-15.2º,-10.1º,-1.9º,3.5º,7.3º,7.0º,3.2º,-2.8º,-8.4º,-14.0º,-5.1º,-5.3º,0.2º
213,-173.75,-84.75,-14.3º,-22.7º,-33.6º,-38.3º,-39.7º,-39.4º,-43.3º,-43.5º,-42.6º,-33.8º,-23.0º,-14.4º,-32.4º,-32.4º,0.0º
214,-173.75,-85.25,-23.3º,-32.2º,-43.4º,-47.9º,-49.1º,-49.0º,-52.5º,-52.8º,-51.9º,-43.2º,-32.2º,-23.4º,-41.8º,-41.7º,-0.1º
215,-173.75,-85.75,-24.0º,-33.6º,-45.1º,-49.3º,-50.3º,-50.3º,-53.4º,-53.7º,-53.0º,-44.4º,-33.1º,-24.0º,-43.0º,-42.8º,-0.2º
216,-173.75,-86.25,-24.4º,-34.6º,-46.5º,-50.6º,-51.3º,-51.5º,-54.2º,-54.4º,-53.8º,-45.2º,-33.8º,-24.3º,-43.8º,-43.7º,-0.1º
217,-173.75,-86.75,-26.3º,-37.1º,-49.5º,-53.2º,-53.8º,-54.1º,-56.4º,-56.6º,-56.2º,-47.7º,-36.0º,-26.2º,-46.2º,-46.1º,-0.1º
218,-173.75,-87.25,-27.0º,-38.3º,-50.9º,-54.5º,-55.0º,-55.4º,-57.5º,-57.6º,-57.2º,-48.7º,-36.9º,-27.0º,-47.3º,-47.2º,-0.1º
219,-173.75,-87.75,-28.3º,-39.9º,-52.9º,-56.4º,-56.8º,-57.2º,-59.0º,-59.1º,-58.8º,-50.4º,-38.3º,-28.3º,-48.8º,-48.8º,0.0º
220,-173.75,-88.25,-29.1º,-41.2º,-54.3º,-57.7º,-58.0º,-58.6º,-60.2º,-60.2º,-60.0º,-51.6º,-39.4º,-29.1º,-50.0º,-49.9º,-0.1º
221,-173.75,-88.75,-28.9º,-41.2º,-54.4º,-57.8º,-58.0º,-58.6º,-60.1º,-60.1º,-60.0º,-51.4º,-39.2º,-28.8º,-50.0º,-49.9º,-0.1º
222,-173.75,-89.25,-28.3º,-40.7º,-54.0º,-57.5º,-57.6º,-58.2º,-59.6º,-59.6º,-59.5º,-51.0º,-38.7º,-28.3º,-49.5º,-49.4º,-0.1º
223,-173.75,-89.75,-27.7º,-40.2º,-53.6º,-57.0º,-57.2º,-57.7º,-59.1º,-59.1º,-59.0º,-50.5º,-38.1º,-27.7º,-49.0º,-48.9º,-0.1º
224,-173.25,66.75,-22.2º,-22.7º,-14.7º,-17.3º,-8.0º,2.6º,5.9º,4.7º,3.5º,-3.5º,-10.3º,-19.7º,-8.5º,-8.5º,0.0º
225,-173.25,66.25,-20.7º,-21.8º,-16.2º,-15.3º,-6.5º,2.6º,6.1º,5.2º,3.0º,-3.6º,-10.4º,-18.3º,-7.9º,-8.0º,0.1º
226,-173.25,65.75,-18.4º,-20.1º,-16.3º,-12.8º,-4.5º,3.1º,6.8º,6.1º,3.2º,-3.2º,-9.8º,-16.3º,-6.8º,-6.8º,0.0º
227,-173.25,65.25,-17.6º,-19.5º,-17.2º,-12.2º,-4.2º,2.1º,5.9º,5.4º,1.9º,-4.2º,-10.3º,-15.9º,-7.1º,-7.2º,0.1º
228,-173.25,64.75,-14.2º,-16.2º,-14.5º,-9.3º,-1.1º,4.3º,8.1º,7.8º,4.0º,-2.0º,-7.7º,-13.3º,-4.4º,-4.5º,0.1º
229,-173.25,-84.75,-15.1º,-23.5º,-34.4º,-39.1º,-40.4º,-40.2º,-44.0º,-44.2º,-43.4º,-34.5º,-23.7º,-15.2º,-33.2º,-33.1º,-0.1º
230,-173.25,-85.25,-22.7º,-31.5º,-42.8º,-47.2º,-48.5º,-48.3º,-51.8º,-52.0º,-51.2º,-42.6º,-31.5º,-22.7º,-41.1º,-41.1º,0.0º
231,-173.25,-85.75,-24.1º,-33.7º,-45.2º,-49.4º,-50.5º,-50.5º,-53.5º,-53.8º,-53.1º,-44.5º,-33.2º,-24.1º,-43.1º,-43.0º,-0.1º
232,-173.25,-86.25,-24.3º,-34.5º,-46.4º,-50.4º,-51.2º,-51.3º,-54.0º,-54.3º,-53.7º,-45.1º,-33.8º,-24.2º,-43.7º,-43.6º,-0.1º
233,-173.25,-86.75,-25.9º,-36.6º,-48.8º,-52.7º,-53.3º,-53.6º,-56.0º,-56.2º,-55.7º,-47.2º,-35.6º,-25.8º,-45.7º,-45.6º,-0.1º
234,-173.25,-87.25,-26.9º,-38.2º,-50.9º,-54.5º,-54.9º,-55.3º,-57.4º,-57.6º,-57.2º,-48.7º,-36.9º,-26.9º,-47.2º,-47.1º,-0.1º
235,-173.25,-87.75,-28.2º,-39.9º,-52.8º,-56.3º,-56.7º,-57.1º,-59.0º,-59.1º,-58.8º,-50.4º,-38.3º,-28.2º,-48.8º,-48.7º,-0.1º
236,-173.25,-88.25,-29.1º,-41.2º,-54.3º,-57.7º,-58.0º,-58.6º,-60.2º,-60.2º,-60.0º,-51.6º,-39.4º,-29.1º,-50.0º,-49.9º,-0.1º
237,-173.25,-88.75,-28.9º,-41.0º,-54.4º,-57.8º,-58.0º,-58.6º,-60.1º,-60.1º,-59.9º,-51.4º,-39.1º,-28.8º,-50.0º,-49.8º,-0.2º
238,-173.25,-89.25,-28.3º,-40.7º,-54.0º,-57.5º,-57.6º,-58.2º,-59.6º,-59.6º,-59.5º,-51.0º,-38.7º,-28.3º,-49.5º,-49.4º,-0.1º
239,-173.25,-89.75,-27.7º,-40.2º,-53.6º,-57.0º,-57.2º,-57.7º,-59.1º,-59.1º,-59.0º,-50.5º,-38.1º,-27.7º,-49.0º,-48.9º,-0.1º
240,-172.75,66.75,-22.7º,-23.3º,-16.2º,-17.6º,-8.3º,1.6º,5.1º,4.0º,2.5º,-4.4º,-11.2º,-20.1º,-9.2º,-9.2º,0.0º
241,-172.75,66.25,-20.8º,-22.1º,-17.1º,-15.2º,-6.5º,2.1º,5.7º,4.8º,2.5º,-4.0º,-10.8º,-18.3º,-8.2º,-8.3º,0.1º
242,-172.75,65.75,-18.5º,-20.1º,-16.8º,-12.6º,-4.5º,2.9º,6.8º,6.0º,3.0º,-3.4º,-10.1º,-16.1º,-6.9º,-7.0º,0.1º
243,-172.75,65.25,-16.8º,-18.7º,-16.5º,-11.1º,-3.4º,3.0º,6.9º,6.3º,2.9º,-3.1º,-9.5º,-14.9º,-6.2º,-6.2º,0.0º
244,-172.75,64.75,-14.0º,-16.1º,-14.4º,-9.1º,-1.1º,4.4º,8.3º,8.0º,4.3º,-1.7º,-7.4º,-12.9º,-4.2º,-4.3º,0.1º
245,-172.75,-83.25,-5.3º,-12.5º,-22.7º,-27.9º,-29.6º,-29.2º,-33.6º,-34.0º,-32.8º,-23.9º,-13.4º,-5.3º,-22.5º,-22.5º,0.0º
246,-172.75,-84.75,-13.9º,-22.3º,-33.1º,-37.8º,-39.2º,-39.0º,-42.8º,-43.0º,-42.1º,-33.3º,-22.6º,-14.0º,-32.0º,-31.9º,-0.1º
247,-172.75,-85.25,-22.6º,-31.5º,-42.7º,-47.2º,-48.3º,-48.3º,-51.8º,-51.9º,-51.2º,-42.5º,-31.5º,-22.7º,-41.0º,-41.0º,0.0º
248,-172.75,-85.75,-24.2º,-33.8º,-45.3º,-49.5º,-50.6º,-50.6º,-53.6º,-54.0º,-53.2º,-44.6º,-33.4º,-24.2º,-43.2º,-43.1º,-0.1º
249,-172.75,-86.25,-24.3º,-34.4º,-46.3º,-50.4º,-51.1º,-51.3º,-54.0º,-54.1º,-53.7º,-45.0º,-33.7º,-24.2º,-43.6º,-43.5º,-0.1º
250,-172.75,-86.75,-25.8º,-36.4º,-48.7º,-52.5º,-53.2º,-53.4º,-55.8º,-56.0º,-55.5º,-47.0º,-35.4º,-25.7º,-45.5º,-45.5º,0.0º
251,-172.75,-87.25,-26.9º,-38.2º,-50.8º,-54.4º,-54.9º,-55.3º,-57.3º,-57.5º,-57.1º,-48.6º,-36.8º,-26.9º,-47.1º,-47.1º,0.0º
252,-172.75,-87.75,-28.2º,-39.9º,-52.8º,-56.3º,-56.7º,-57.1º,-59.0º,-59.1º,-58.8º,-50.4º,-38.3º,-28.2º,-48.8º,-48.7º,-0.1º
253,-172.75,-88.25,-29.2º,-41.2º,-54.3º,-57.7º,-58.0º,-58.6º,-60.2º,-60.2º,-60.0º,-51.6º,-39.4º,-29.1º,-50.0º,-50.0º,0.0º
254,-172.75,-88.75,-28.9º,-41.0º,-54.3º,-57.8º,-58.0º,-58.6º,-60.0º,-60.1º,-59.9º,-51.4º,-39.1º,-28.8º,-50.0º,-49.8º,-0.2º
255,-172.75,-89.25,-28.3º,-40.7º,-54.0º,-57.4º,-57.6º,-58.2º,-59.6º,-59.6º,-59.5º,-51.0º,-38.7º,-28.3º,-49.5º,-49.4º,-0.1º
256,-172.75,-89.75,-27.7º,-40.2º,-53.6º,-57.0º,-57.2º,-57.7º,-59.1º,-59.1º,-59.0º,-50.5º,-38.1º,-27.7º,-49.0º,-48.9º,-0.1º
257,-172.25,66.75,-22.2º,-23.1º,-17.0º,-16.7º,-7.7º,1.6º,5.2º,4.2º,2.4º,-4.3º,-11.2º,-19.5º,-9.0º,-9.0º,0.0º
258,-172.25,66.25,-21.7º,-23.2º,-18.9º,-15.8º,-7.2º,0.8º,4.6º,3.8º,1.2º,-5.1º,-12.1º,-19.1º,-9.3º,-9.4º,0.1º
259,-172.25,65.75,-19.7º,-21.4º,-18.5º,-13.5º,-5.7º,1.6º,5.6º,4.7º,1.6º,-4.7º,-11.6º,-17.1º,-8.1º,-8.2º,0.1º
260,-172.25,65.25,-16.2º,-18.1º,-16.0º,-10.4º,-2.7º,3.7º,7.7º,7.0º,3.6º,-2.5º,-8.9º,-14.1º,-5.5º,-5.6º,0.1º
261,-172.25,64.75,-14.4º,-16.5º,-14.8º,-9.4º,-1.6º,3.9º,8.0º,7.6º,4.1º,-1.7º,-7.6º,-12.9º,-4.6º,-4.6º,0.0º
262,-172.25,-13.75,27.4º,27.1º,26.6º,26.5º,25.8º,25.0º,25.2º,24.7º,25.4º,26.1º,26.5º,27.2º,26.1º,26.1º,0.0º
263,-172.25,-83.25,-5.3º,-12.5º,-22.7º,-27.9º,-29.6º,-29.1º,-33.6º,-34.0º,-32.8º,-23.9º,-13.5º,-5.3º,-22.6º,-22.5º,-0.1º
264,-172.25,-84.75,-12.8º,-21.1º,-32.0º,-36.7º,-38.1º,-37.8º,-41.7º,-41.9º,-41.0º,-32.2º,-21.4º,-12.8º,-30.8º,-30.8º,0.0º
265,-172.25,-85.25,-23.2º,-32.1º,-43.3º,-47.7º,-48.9º,-48.8º,-52.2º,-52.5º,-51.8º,-43.1º,-32.1º,-23.2º,-41.6º,-41.6º,0.0º
266,-172.25,-85.75,-24.3º,-33.9º,-45.4º,-49.6º,-50.6º,-50.6º,-53.7º,-54.0º,-53.3º,-44.7º,-33.5º,-24.3º,-43.3º,-43.2º,-0.1º
267,-172.25,-86.25,-24.2º,-34.4º,-46.3º,-50.3º,-51.0º,-51.2º,-53.9º,-54.1º,-53.6º,-45.0º,-33.6º,-24.1º,-43.6º,-43.5º,-0.1º
268,-172.25,-86.75,-25.6º,-36.3º,-48.5º,-52.3º,-53.0º,-53.2º,-55.6º,-55.8º,-55.3º,-46.8º,-35.2º,-25.5º,-45.4º,-45.3º,-0.1º
269,-172.25,-87.25,-26.8º,-38.1º,-50.7º,-54.4º,-54.8º,-55.2º,-57.3º,-57.4º,-57.1º,-48.6º,-36.7º,-26.8º,-47.1º,-47.0º,-0.1º
270,-172.25,-87.75,-28.2º,-39.9º,-52.8º,-56.3º,-56.7º,-57.1º,-59.0º,-59.0º,-58.7º,-50.3º,-38.3º,-28.2º,-48.8º,-48.7º,-0.1º
271,-172.25,-88.25,-29.2º,-41.2º,-54.3º,-57.7º,-58.0º,-58.6º,-60.2º,-60.2º,-60.0º,-51.6º,-39.4º,-29.2º,-50.0º,-50.0º,0.0º
272,-172.25,-88.75,-28.9º,-41.0º,-54.3º,-57.8º,-58.0º,-58.5º,-60.0º,-60.0º,-59.9º,-51.4º,-39.1º,-28.8º,-49.9º,-49.8º,-0.1º
273,-172.25,-89.25,-28.3º,-40.7º,-54.0º,-57.4º,-57.6º,-58.2º,-59.6º,-59.6º,-59.5º,-51.0º,-38.7º,-28.3º,-49.5º,-49.4º,-0.1º
274,-172.25,-89.75,-27.7º,-40.2º,-53.6º,-57.0º,-57.2º,-57.7º,-59.1º,-59.1º,-59.0º,-50.5º,-38.1º,-27.7º,-49.0º,-48.9º,-0.1º
275,-171.75,66.75,-21.9º,-23.1º,-18.0º,-16.1º,-7.2º,1.5º,5.2º,4.3º,2.1º,-4.3º,-11.3º,-19.1º,-8.9º,-9.0º,0.1º
276,-171.75,66.25,-21.6º,-23.3º,-19.6º,-15.5º,-6.9º,0.6º,4.5º,3.8º,1.0º,-5.1º,-12.1º,-18.9º,-9.3º,-9.4º,0.1º
277,-171.75,65.75,-20.4º,-21.8º,-19.3º,-13.7º,-6.1º,1.1º,5.1º,4.1º,0.9º,-5.4º,-12.2º,-17.3º,-8.7º,-8.8º,0.1º
278,-171.75,-84.75,-9.6º,-18.0º,-28.8º,-33.5º,-34.9º,-34.6º,-38.4º,-38.6º,-37.8º,-29.0º,-18.3º,-9.7º,-27.6º,-27.6º,0.0º
279,-171.75,-85.25,-23.3º,-32.2º,-43.4º,-47.9º,-49.0º,-48.9º,-52.3º,-52.6º,-51.9º,-43.2º,-32.2º,-23.4º,-41.7º,-41.7º,0.0º
280,-171.75,-85.75,-24.4º,-33.9º,-45.5º,-49.7º,-50.7º,-50.7º,-53.8º,-54.1º,-53.4º,-44.8º,-33.5º,-24.4º,-43.4º,-43.2º,-0.2º
281,-171.75,-86.25,-24.0º,-34.2º,-46.1º,-50.1º,-50.9º,-51.0º,-53.7º,-53.9º,-53.4º,-44.8º,-33.4º,-23.9º,-43.4º,-43.3º,-0.1º
282,-171.75,-86.75,-25.4º,-36.0º,-48.2º,-52.1º,-52.8º,-53.0º,-55.4º,-55.6º,-55.1º,-46.6º,-35.0º,-25.3º,-45.1º,-45.0º,-0.1º
283,-171.75,-87.25,-26.8º,-38.1º,-50.7º,-54.3º,-54.8º,-55.2º,-57.2º,-57.4º,-57.0º,-48.5º,-36.7º,-26.8º,-47.0º,-47.0º,0.0º
284,-171.75,-87.75,-28.2º,-39.8º,-52.8º,-56.3º,-56.7º,-57.1º,-58.9º,-59.0º,-58.7º,-50.3º,-38.2º,-28.2º,-48.7º,-48.7º,0.0º
285,-171.75,-88.25,-29.2º,-41.2º,-54.3º,-57.7º,-58.0º,-58.6º,-60.2º,-60.2º,-60.0º,-51.6º,-39.4º,-29.2º,-51.0º,-50.0º,-1.0º
286,-171.75,-88.75,-28.9º,-41.1º,-54.4º,-57.8º,-58.0º,-58.6º,-60.1º,-60.1º,-60.0º,-51.4º,-39.2º,-28.8º,-50.0º,-49.9º,-0.1º
287,-171.75,-89.25,-28.3º,-40.7º,-54.0º,-57.4º,-57.6º,-58.2º,-59.5º,-59.6º,-59.4º,-51.0º,-38.7º,-28.3º,-49.5º,-49.4º,-0.1º
288,-171.75,-89.75,-27.7º,-40.2º,-53.6º,-57.0º,-57.2º,-57.7º,-59.1º,-59.1º,-59.0º,-50.5º,-38.1º,-27.7º,-49.0º,-48.9º,-0.1º
289,-171.25,66.25,-20.3º,-22.3º,-19.1º,-14.1º,-5.5º,1.7º,5.7º,5.0º,2.1º,-3.9º,-11.0º,-17.7º,-8.1º,-8.3º,0.2º
290,-171.25,-84.75,-11.9º,-20.2º,-31.0º,-35.7º,-37.1º,-36.8º,-40.6º,-40.9º,-40.0º,-31.3º,-20.5º,-11.9º,-29.9º,-29.8º,-0.1º
291,-171.25,-85.25,-23.8º,-32.7º,-43.8º,-48.3º,-49.4º,-49.4º,-52.8º,-53.0º,-52.3º,-43.7º,-32.6º,-23.8º,-42.2º,-42.1º,-0.1º
292,-171.25,-85.75,-24.5º,-34.0º,-45.5º,-49.7º,-50.8º,-50.8º,-53.8º,-54.1º,-53.4º,-44.8º,-33.6º,-24.5º,-43.4º,-43.3º,-0.1º
293,-171.25,-86.25,-23.8º,-34.0º,-45.9º,-49.9º,-50.6º,-50.8º,-53.5º,-53.7º,-53.2º,-44.6º,-33.3º,-23.7º,-43.2º,-43.1º,-0.1º
294,-171.25,-86.75,-25.4º,-36.2º,-48.6º,-52.3º,-52.9º,-53.2º,-55.5º,-55.6º,-55.3º,-46.8º,-35.1º,-25.3º,-45.3º,-45.2º,-0.1º
295,-171.25,-87.25,-26.8º,-38.0º,-50.6º,-54.2º,-54.7º,-55.1º,-57.2º,-57.3º,-57.0º,-48.5º,-36.7º,-26.8º,-47.0º,-46.9º,-0.1º
296,-171.25,-87.75,-28.1º,-39.8º,-52.7º,-56.2º,-56.6º,-57.0º,-58.9º,-59.0º,-58.7º,-50.3º,-38.2º,-28.1º,-48.7º,-48.6º,-0.1º
297,-171.25,-88.25,-29.2º,-41.2º,-54.3º,-57.7º,-58.0º,-58.6º,-60.2º,-60.2º,-60.0º,-51.6º,-39.4º,-29.2º,-50.0º,-50.0º,0.0º
298,-171.25,-88.75,-28.9º,-41.2º,-54.4º,-57.8º,-58.0º,-58.6º,-60.0º,-60.1º,-59.9º,-51.4º,-39.1º,-28.8º,-50.0º,-49.8º,-0.2º
299,-171.25,-89.25,-28.3º,-40.7º,-54.0º,-57.4º,-57.6º,-58.1º,-59.5º,-59.5º,-59.4º,-51.0º,-38.7º,-28.3º,-49.5º,-49.4º,-0.1º
300,-171.25,-89.75,-27.7º,-40.2º,-53.6º,-57.0º,-57.2º,-57.7º,-59.1º,-59.1º,-59.0º,-50.5º,-38.1º,-27.7º,-49.0º,-48.9º,-0.1º
301,-170.75,66.25,-19.3º,-21.7º,-19.1º,-13.4º,-4.4º,2.3º,6.5º,5.8º,2.9º,-2.9º,-10.1º,-16.9º,-7.4º,-7.5º,0.1º
302,-170.75,65.75,-21.1º,-22.5º,-20.3º,-14.0º,-6.7º,0.4º,4.5º,3.5º,-0.1º,-6.3º,-13.1º,-17.7º,-9.3º,-9.4º,0.1º
303,-170.75,-83.25,-5.3º,-12.5º,-22.7º,-27.9º,-29.6º,-29.1º,-33.6º,-34.0º,-32.9º,-23.9º,-13.5º,-5.3º,-22.5º,-22.5º,0.0º
304,-170.75,-84.75,-10.1º,-18.4º,-29.3º,-33.9º,-35.3º,-35.0º,-38.9º,-39.1º,-38.2º,-29.5º,-18.7º,-10.1º,-28.1º,-28.0º,-0.1º
305,-170.75,-85.25,-23.7º,-32.6º,-43.8º,-48.2º,-49.4º,-49.3º,-52.7º,-53.0º,-52.3º,-43.6º,-32.6º,-23.8º,-42.1º,-42.1º,0.0º
306,-170.75,-85.75,-24.5º,-34.0º,-45.6º,-49.7º,-50.8º,-50.8º,-53.8º,-54.1º,-53.5º,-44.9º,-33.6º,-24.5º,-43.4º,-43.3º,-0.1º
307,-170.75,-86.25,-23.5º,-33.7º,-45.6º,-49.6º,-50.3º,-50.5º,-53.2º,-53.4º,-52.9º,-44.3º,-32.9º,-23.4º,-42.9º,-42.8º,-0.1º
308,-170.75,-86.75,-25.2º,-36.1º,-48.4º,-52.2º,-52.8º,-53.0º,-55.4º,-55.5º,-55.1º,-46.6º,-35.0º,-25.1º,-45.1º,-45.0º,-0.1º
309,-170.75,-87.25,-26.7º,-38.0º,-50.6º,-54.2º,-54.7º,-55.1º,-57.1º,-57.3º,-56.9º,-48.4º,-36.6º,-26.7º,-46.9º,-46.9º,0.0º
310,-170.75,-87.75,-28.1º,-39.8º,-52.7º,-56.2º,-56.6º,-57.0º,-58.9º,-59.0º,-58.7º,-50.2º,-38.2º,-28.1º,-48.7º,-48.6º,-0.1º
311,-170.75,-88.25,-29.2º,-41.2º,-54.3º,-57.7º,-58.0º,-58.5º,-60.2º,-60.2º,-60.0º,-51.6º,-39.4º,-29.2º,-54.0º,-50.0º,-4.0º
312,-170.75,-88.75,-28.9º,-41.1º,-54.4º,-57.8º,-58.0º,-58.5º,-60.0º,-60.0º,-59.9º,-51.4º,-39.1º,-28.8º,-50.0º,-49.8º,-0.2º
313,-170.75,-89.25,-28.2º,-40.6º,-54.0º,-57.4º,-57.6º,-58.1º,-59.5º,-59.5º,-59.4º,-51.0º,-38.6º,-28.2º,-49.4º,-49.3º,-0.1º
314,-170.75,-89.75,-27.7º,-40.2º,-53.6º,-57.0º,-57.2º,-57.7º,-59.1º,-59.1º,-59.0º,-50.5º,-38.1º,-27.7º,-49.0º,-48.9º,-0.1º
315,-170.25,66.25,-19.2º,-22.1º,-20.3º,-14.2º,-4.4º,2.0º,6.2º,5.5º,2.6º,-2.9º,-9.9º,-17.6º,-7.7º,-7.9º,0.2º
316,-170.25,63.25,-7.7º,-12.0º,-9.7º,-5.2º,-0.3º,3.2º,8.1º,7.7º,5.5º,1.3º,-3.2º,-5.3º,-1.4º,-1.5º,0.1º
317,-170.25,-83.25,-5.3º,-12.5º,-22.7º,-27.8º,-29.6º,-29.1º,-33.6º,-34.0º,-32.9º,-23.9º,-13.5º,-5.3º,-22.5º,-22.5º,0.0º
318,-170.25,-84.75,-11.1º,-19.4º,-30.2º,-34.9º,-36.2º,-36.0º,-39.8º,-40.1º,-39.2º,-30.5º,-19.7º,-11.1º,-29.1º,-29.0º,-0.1º
319,-170.25,-85.25,-17.0º,-25.9º,-37.1º,-41.5º,-42.7º,-42.6º,-46.0º,-46.3º,-45.6º,-36.9º,-25.9º,-17.1º,-35.4º,-35.4º,0.0º
320,-170.25,-85.75,-24.5º,-34.0º,-45.6º,-49.7º,-50.8º,-50.8º,-53.8º,-54.1º,-53.5º,-44.9º,-33.6º,-24.5º,-33.4º,-43.3º,9.9º
321,-170.25,-86.25,-23.2º,-33.4º,-45.2º,-49.2º,-50.0º,-50.2º,-52.8º,-53.0º,-52.6º,-44.0º,-32.5º,-23.1º,-42.5º,-42.4º,-0.1º
322,-170.25,-86.75,-25.1º,-36.0º,-48.3º,-52.0º,-52.7º,-52.9º,-55.3º,-55.4º,-55.0º,-46.5º,-34.9º,-25.0º,-45.0º,-44.9º,-0.1º
323,-170.25,-87.25,-26.7º,-37.9º,-50.5º,-54.1º,-54.6º,-55.0º,-57.1º,-57.2º,-56.9º,-48.4º,-36.6º,-26.7º,-46.9º,-46.8º,-0.1º
324,-170.25,-87.75,-28.1º,-39.8º,-52.7º,-56.2º,-56.6º,-57.0º,-58.8º,-58.9º,-58.6º,-50.2º,-38.2º,-28.1º,-48.7º,-48.6º,-0.1º
325,-170.25,-88.25,-29.2º,-41.2º,-54.3º,-57.7º,-58.0º,-58.5º,-60.2º,-60.2º,-60.0º,-51.6º,-39.4º,-29.2º,-50.0º,-50.0º,0.0º
326,-170.25,-88.75,-28.9º,-41.1º,-54.3º,-57.8º,-58.0º,-58.4º,-60.0º,-60.0º,-59.9º,-51.4º,-39.1º,-28.8º,-49.9º,-49.8º,-0.1º
327,-170.25,-89.25,-28.2º,-40.6º,-54.0º,-57.4º,-57.5º,-58.1º,-59.5º,-59.5º,-59.4º,-50.9º,-38.6º,-28.2º,-49.4º,-49.3º,-0.1º
328,-170.25,-89.75,-27.7º,-40.2º,-53.6º,-57.0º,-57.2º,-57.7º,-59.1º,-59.1º,-59.0º,-50.5º,-38.1º,-27.7º,-49.0º,-48.9º,-0.1º
329,-169.75,63.25,-7.5º,-11.8º,-10.0º,-5.3º,-0.5º,3.0º,7.7º,7.4º,5.4º,1.0º,-3.3º,-5.2º,-1.5º,-1.6º,0.1º
330,-169.75,-83.25,-5.3º,-12.5º,-22.7º,-27.8º,-29.6º,-29.1º,-33.6º,-34.0º,-32.9º,-23.9º,-13.5º,-5.3º,-22.5º,-22.5º,0.0º
331,-169.75,-84.75,-9.8º,-18.1º,-28.9º,-33.6º,-34.9º,-34.7º,-38.4º,-38.7º,-37.9º,-29.2º,-18.4º,-9.8º,-27.7º,-27.7º,0.0º
332,-169.75,-85.25,-16.4º,-25.3º,-36.5º,-40.9º,-42.0º,-42.0º,-45.4º,-45.7º,-45.0º,-36.3º,-25.3º,-16.4º,-34.8º,-34.8º,0.0º
333,-169.75,-85.75,-24.6º,-34.1º,-45.7º,-49.8º,-50.8º,-50.8º,-53.9º,-54.1º,-53.6º,-44.9º,-33.7º,-24.6º,-43.5º,-43.4º,-0.1º
334,-169.75,-86.25,-22.9º,-33.1º,-45.0º,-49.0º,-49.7º,-49.9º,-52.6º,-52.7º,-52.3º,-43.7º,-32.2º,-22.8º,-42.3º,-42.2º,-0.1º
335,-169.75,-86.75,-25.1º,-35.9º,-48.2º,-52.0º,-52.6º,-52.9º,-55.2º,-55.3º,-55.0º,-46.5º,-34.8º,-25.0º,-45.0º,-44.9º,-0.1º
336,-169.75,-87.25,-26.6º,-37.9º,-50.5º,-54.1º,-54.5º,-54.9º,-57.0º,-57.2º,-56.8º,-48.3º,-36.5º,-26.6º,-46.8º,-46.7º,-0.1º
337,-169.75,-87.75,-28.1º,-39.8º,-52.7º,-56.2º,-56.6º,-57.0º,-58.8º,-58.9º,-58.6º,-50.2º,-38.2º,-28.1º,-48.6º,-48.6º,0.0º
338,-169.75,-88.25,-29.2º,-41.2º,-54.3º,-57.7º,-58.0º,-58.5º,-60.2º,-60.2º,-60.0º,-51.6º,-39.4º,-29.2º,-42.0º,-50.0º,8.0º
339,-169.75,-88.75,-28.9º,-41.1º,-54.3º,-57.8º,-58.0º,-58.4º,-60.0º,-60.0º,-59.9º,-51.4º,-39.1º,-28.8º,-49.9º,-49.8º,-0.1º
340,-169.75,-89.25,-28.2º,-40.6º,-54.0º,-57.4º,-57.5º,-58.1º,-59.5º,-59.5º,-59.4º,-50.9º,-38.6º,-28.2º,-49.4º,-49.3º,-0.1º
341,-169.75,-89.75,-27.7º,-40.2º,-53.6º,-57.0º,-57.2º,-57.7º,-59.1º,-59.1º,-59.0º,-50.5º,-38.1º,-27.7º,-49.0º,-48.9º,-0.1º
342,-169.25,63.25,-5.7º,-9.9º,-8.9º,-4.3º,0.4º,3.9º,8.2º,7.9º,6.3º,1.9º,-2.2º,-3.6º,-0.4º,-0.5º,0.1º
343,-169.25,-84.75,-9.0º,-17.3º,-28.1º,-32.7º,-34.1º,-33.9º,-37.6º,-37.9º,-37.1º,-28.4º,-17.6º,-9.0º,-26.9º,-26.9º,0.0º
344,-169.25,-85.25,-16.2º,-25.1º,-36.2º,-40.6º,-41.8º,-41.7º,-45.1º,-45.4º,-44.7º,-36.1º,-25.1º,-16.2º,-34.6º,-34.5º,-0.1º
345,-169.25,-85.75,-24.9º,-34.4º,-46.0º,-50.2º,-51.2º,-51.2º,-54.2º,-54.5º,-53.9º,-45.3º,-34.1º,-24.9º,-43.9º,-43.7º,-0.2º
346,-169.25,-86.25,-22.3º,-32.6º,-44.5º,-48.4º,-49.2º,-49.4º,-52.0º,-52.2º,-51.8º,-43.2º,-31.7º,-22.3º,-41.8º,-41.6º,-0.2º
347,-169.25,-86.75,-25.1º,-35.9º,-48.2º,-51.9º,-52.5º,-52.8º,-55.1º,-55.3º,-54.9º,-46.4º,-34.8º,-24.9º,-44.9º,-44.8º,-0.1º
348,-169.25,-87.25,-26.6º,-37.8º,-50.4º,-54.0º,-54.5º,-54.9º,-57.0º,-57.0º,-56.8º,-48.3º,-36.5º,-26.6º,-46.8º,-46.7º,-0.1º
349,-169.25,-87.75,-28.0º,-39.7º,-52.6º,-56.1º,-56.5º,-56.9º,-58.8º,-58.9º,-58.6º,-50.2º,-38.1º,-28.0º,-48.6º,-48.5º,-0.1º
350,-169.25,-88.25,-29.1º,-41.0º,-54.1º,-57.5º,-57.8º,-58.3º,-60.0º,-60.1º,-59.8º,-51.4º,-39.2º,-29.1º,-49.8º,-49.8º,0.0º
351,-169.25,-88.75,-28.9º,-41.1º,-54.3º,-57.8º,-58.0º,-58.4º,-60.0º,-60.0º,-59.9º,-51.3º,-39.1º,-28.7º,-49.9º,-49.8º,-0.1º
352,-169.25,-89.25,-28.2º,-40.6º,-53.9º,-57.4º,-57.5º,-58.1º,-59.5º,-59.5º,-59.4º,-50.9º,-38.6º,-28.2º,-44.4º,-49.3º,4.9º
353,-169.25,-89.75,-27.7º,-40.2º,-53.6º,-57.0º,-57.2º,-57.7º,-59.1º,-59.1º,-59.0º,-50.5º,-38.1º,-27.7º,-48.0º,-48.9º,0.9º
354,-168.75,63.25,-4.9º,-9.1º,-8.5º,-3.9º,0.8º,4.3º,8.3º,8.1º,6.6º,2.2º,-1.8º,-3.0º,0.0º,-0.1º,0.1º
355,-168.75,-84.75,-8.2º,-16.6º,-27.4º,-32.0º,-33.4º,-33.1º,-36.8º,-37.2º,-36.4º,-27.6º,-16.9º,-8.3º,-26.2º,-26.2º,0.0º
356,-168.75,-85.25,-15.4º,-24.3º,-35.4º,-39.8º,-41.0º,-40.9º,-44.3º,-44.6º,-43.9º,-35.3º,-24.3º,-15.4º,-33.7º,-33.7º,0.0º
357,-168.75,-85.75,-25.2º,-34.7º,-46.3º,-50.4º,-51.4º,-51.4º,-54.5º,-54.8º,-54.2º,-45.6º,-34.3º,-25.2º,-44.1º,-44.0º,-0.1º
358,-168.75,-86.25,-21.8º,-32.1º,-43.9º,-47.8º,-48.6º,-48.8º,-51.5º,-51.7º,-51.2º,-42.7º,-31.2º,-21.8º,-41.2º,-41.1º,-0.1º
359,-168.75,-86.75,-25.0º,-35.8º,-48.1º,-51.9º,-52.5º,-52.8º,-55.1º,-55.2º,-54.9º,-46.4º,-34.7º,-24.9º,-44.9º,-44.8º,-0.1º
360,-168.75,-87.25,-26.5º,-37.8º,-50.4º,-54.0º,-54.4º,-54.8º,-56.9º,-57.0º,-56.7º,-48.2º,-36.4º,-26.5º,-46.7º,-46.6º,-0.1º
361,-168.75,-87.75,-28.0º,-39.7º,-52.6º,-56.1º,-56.5º,-56.9º,-58.8º,-58.9º,-58.6º,-50.2º,-38.1º,-28.0º,-48.6º,-48.5º,-0.1º
362,-168.75,-88.25,-29.1º,-41.0º,-54.1º,-57.5º,-57.8º,-58.3º,-60.0º,-60.1º,-59.8º,-51.4º,-39.2º,-29.1º,-49.8º,-49.8º,0.0º
363,-168.75,-88.75,-28.8º,-41.0º,-54.3º,-57.7º,-57.9º,-58.4º,-60.0º,-60.0º,-59.9º,-51.3º,-39.1º,-28.7º,-49.9º,-49.8º,-0.1º
364,-168.75,-89.25,-28.2º,-40.6º,-53.9º,-57.4º,-57.5º,-58.1º,-59.5º,-59.5º,-59.4º,-50.9º,-38.6º,-28.2º,-49.4º,-49.3º,-0.1º
365,-168.75,-89.75,-27.7º,-40.2º,-53.6º,-57.0º,-57.2º,-57.7º,-59.1º,-59.1º,-59.0º,-50.5º,-38.1º,-27.7º,-49.0º,-48.9º,-0.1º
366,-168.25,53.25,1.7º,0.6º,1.6º,2.7º,4.6º,7.1º,9.7º,10.8º,9.4º,6.3º,3.6º,2.1º,5.0º,5.0º,0.0º
367,-168.25,-84.75,-7.2º,-15.5º,-26.3º,-30.9º,-32.3º,-32.0º,-35.8º,-36.1º,-35.3º,-26.6º,-15.8º,-7.2º,-25.1º,-25.1º,0.0º
368,-168.25,-85.25,-18.0º,-26.8º,-38.0º,-42.3º,-43.5º,-43.4º,-46.8º,-47.1º,-46.4º,-37.8º,-26.8º,-17.9º,-36.3º,-36.2º,-0.1º
369,-168.25,-85.75,-25.0º,-34.5º,-46.1º,-50.2º,-51.2º,-51.3º,-54.3º,-54.6º,-54.0º,-45.4º,-34.2º,-25.0º,-44.0º,-43.8º,-0.2º
370,-168.25,-86.25,-21.5º,-31.8º,-43.7º,-47.6º,-48.3º,-48.5º,-51.2º,-51.4º,-51.0º,-42.4º,-30.9º,-21.5º,-40.9º,-40.8º,-0.1º
371,-168.25,-86.75,-24.9º,-35.7º,-48.1º,-51.8º,-52.4º,-52.7º,-55.0º,-55.1º,-54.8º,-46.3º,-34.6º,-24.8º,-44.8º,-44.7º,-0.1º
372,-168.25,-87.25,-26.5º,-37.7º,-50.3º,-53.9º,-54.4º,-54.8º,-56.9º,-56.9º,-56.7º,-48.2º,-36.4º,-26.5º,-46.7º,-46.6º,-0.1º
373,-168.25,-87.75,-28.0º,-39.7º,-52.6º,-56.1º,-56.5º,-56.9º,-58.7º,-58.8º,-58.5º,-50.1º,-38.1º,-28.0º,-48.6º,-48.5º,-0.1º
374,-168.25,-88.25,-29.1º,-41.0º,-54.1º,-57.5º,-57.8º,-58.3º,-60.0º,-60.1º,-59.8º,-51.4º,-39.2º,-29.1º,-49.8º,-49.8º,0.0º
375,-168.25,-88.75,-28.8º,-41.0º,-54.3º,-57.7º,-57.9º,-58.4º,-59.9º,-60.0º,-59.9º,-51.3º,-39.1º,-28.7º,-49.9º,-49.8º,-0.1º
376,-168.25,-89.25,-28.2º,-40.6º,-53.9º,-57.3º,-57.5º,-58.1º,-59.5º,-59.5º,-59.4º,-50.9º,-38.6º,-28.2º,-49.4º,-49.3º,-0.1º
377,-168.25,-89.75,-27.7º,-40.2º,-53.6º,-57.0º,-57.2º,-57.7º,-59.1º,-59.1º,-59.0º,-50.5º,-38.1º,-27.7º,-49.0º,-48.9º,-0.1º
378,-167.75,65.75,-16.6º,-18.0º,-17.6º,-10.9º,-1.5º,5.9º,9.4º,9.5º,6.1º,-0.1º,-7.0º,-15.0º,-4.5º,-4.6º,0.1º
379,-167.75,-85.25,-17.1º,-25.9º,-37.1º,-41.4º,-42.6º,-42.5º,-45.9º,-46.2º,-45.5º,-36.9º,-25.9º,-17.1º,-35.4º,-35.3º,-0.1º
380,-167.75,-85.75,-24.6º,-34.1º,-45.7º,-49.8º,-50.8º,-50.9º,-53.9º,-54.2º,-53.6º,-45.0º,-33.8º,-24.6º,-43.5º,-43.4º,-0.1º
381,-167.75,-86.25,-21.2º,-31.5º,-43.4º,-47.3º,-48.1º,-48.3º,-50.9º,-51.1º,-50.7º,-42.1º,-30.7º,-21.2º,-40.7º,-40.5º,-0.2º
382,-167.75,-86.75,-24.8º,-35.6º,-47.9º,-51.6º,-52.2º,-52.5º,-54.9º,-55.0º,-54.6º,-46.1º,-34.5º,-24.7º,-44.6º,-44.5º,-0.1º
383,-167.75,-87.25,-26.4º,-37.7º,-50.3º,-53.9º,-54.3º,-54.7º,-56.8º,-56.9º,-56.6º,-48.1º,-36.3º,-26.4º,-46.6º,-46.5º,-0.1º
384,-167.75,-87.75,-28.0º,-39.7º,-52.6º,-56.0º,-56.4º,-56.9º,-58.7º,-58.8º,-58.5º,-50.1º,-38.1º,-28.0º,-48.5º,-48.5º,0.0º
385,-167.75,-88.25,-29.2º,-41.2º,-54.3º,-57.7º,-58.0º,-58.5º,-60.2º,-60.2º,-60.0º,-51.6º,-39.4º,-29.2º,-50.0º,-50.0º,0.0º
386,-167.75,-88.75,-28.8º,-41.0º,-54.3º,-57.7º,-57.9º,-58.4º,-59.9º,-60.0º,-59.8º,-51.3º,-39.0º,-28.7º,-49.9º,-49.7º,-0.2º
387,-167.75,-89.25,-28.2º,-40.6º,-53.9º,-57.3º,-57.5º,-58.1º,-59.5º,-59.5º,-59.4º,-50.9º,-38.6º,-28.2º,-49.4º,-49.3º,-0.1º
388,-167.75,-89.75,-27.7º,-40.2º,-53.6º,-57.0º,-57.2º,-57.7º,-59.1º,-59.1º,-59.0º,-50.5º,-38.1º,-27.7º,-48.0º,-48.9º,0.9º
389,-167.25,65.75,-17.6º,-18.6º,-17.5º,-10.6º,-1.5º,5.8º,9.4º,9.2º,5.5º,-1.0º,-8.0º,-15.3º,-4.9º,-5.0º,0.1º
390,-167.25,-83.25,-5.4º,-12.6º,-22.6º,-27.8º,-29.6º,-29.1º,-33.5º,-33.9º,-32.8º,-24.0º,-13.6º,-5.4º,-22.5º,-22.5º,0.0º
391,-167.25,-85.25,-18.3º,-27.2º,-38.3º,-42.7º,-43.9º,-43.8º,-47.2º,-47.5º,-46.8º,-38.2º,-27.2º,-18.3º,-36.7º,-36.6º,-0.1º
392,-167.25,-85.75,-23.6º,-33.2º,-44.7º,-48.8º,-49.8º,-49.9º,-52.9º,-53.2º,-52.6º,-44.0º,-32.8º,-23.6º,-42.6º,-42.4º,-0.2º
393,-167.25,-86.25,-20.9º,-31.2º,-43.1º,-47.1º,-47.8º,-48.0º,-50.7º,-50.9º,-50.4º,-41.8º,-30.4º,-20.9º,-40.4º,-40.3º,-0.1º
394,-167.25,-86.75,-24.5º,-35.3º,-47.6º,-51.3º,-51.9º,-52.2º,-54.5º,-54.7º,-54.3º,-45.8º,-34.2º,-24.4º,-44.3º,-44.2º,-0.1º
395,-167.25,-87.25,-26.4º,-37.6º,-50.2º,-53.8º,-54.3º,-54.7º,-56.8º,-56.8º,-56.6º,-48.1º,-36.3º,-26.4º,-46.6º,-46.5º,-0.1º
396,-167.25,-87.75,-27.9º,-39.6º,-52.5º,-56.0º,-56.4º,-56.8º,-58.7º,-58.8º,-58.5º,-50.1º,-38.0º,-27.9º,-48.5º,-48.4º,-0.1º
397,-167.25,-88.25,-29.2º,-41.2º,-54.3º,-57.7º,-58.0º,-58.5º,-60.2º,-60.2º,-60.0º,-51.6º,-39.4º,-29.2º,-50.0º,-50.0º,0.0º
398,-167.25,-88.75,-28.8º,-40.9º,-54.3º,-57.7º,-57.9º,-58.3º,-59.9º,-59.9º,-59.8º,-51.3º,-39.0º,-28.7º,-49.8º,-49.7º,-0.1º
399,-167.25,-89.25,-28.2º,-40.6º,-53.9º,-57.3º,-57.5º,-58.1º,-59.5º,-59.5º,-59.4º,-50.9º,-38.6º,-28.2º,-49.4º,-49.3º,-0.1º
400,-167.25,-89.75,-27.7º,-40.2º,-53.6º,-57.0º,-57.2º,-57.7º,-59.1º,-59.1º,-59.0º,-50.5º,-38.1º,-27.7º,-49.0º,-48.9º,-0.1º
401,-166.75,65.75,-18.5º,-19.1º,-17.5º,-10.3º,-1.6º,5.8º,9.5º,9.2º,5.2º,-1.7º,-8.8º,-15.6º,-5.2º,-5.3º,0.1º
402,-166.75,60.25,-9.2º,-10.1º,-7.7º,-4.4º,1.4º,5.6º,9.2º,9.5º,7.4º,1.9º,-2.4º,-7.5º,-0.4º,-0.5º,0.1º
403,-166.75,53.75,-0.3º,-0.9º,0.3º,1.3º,3.9º,6.7º,9.7º,10.6º,8.3º,4.8º,1.9º,0.4º,3.9º,3.9º,0.0º
404,-166.75,-85.25,-16.0º,-24.9º,-36.0º,-40.4º,-41.5º,-41.5º,-44.9º,-45.2º,-44.5º,-35.9º,-24.9º,-16.0º,-34.4º,-34.3º,-0.1º
405,-166.75,-85.75,-22.2º,-31.7º,-43.2º,-47.3º,-48.3º,-48.4º,-51.4º,-51.7º,-51.1º,-42.5º,-31.3º,-22.1º,-41.1º,-40.9º,-0.2º
406,-166.75,-86.25,-20.7º,-31.0º,-42.9º,-46.9º,-47.6º,-47.8º,-50.4º,-50.6º,-50.2º,-41.6º,-30.2º,-20.7º,-40.2º,-40.0º,-0.2º
407,-166.75,-86.75,-24.0º,-34.7º,-46.9º,-50.7º,-51.4º,-51.6º,-54.0º,-54.1º,-53.8º,-45.3º,-33.7º,-23.9º,-43.8º,-43.7º,-0.1º
408,-166.75,-87.25,-26.3º,-37.6º,-50.2º,-53.8º,-54.2º,-54.6º,-56.7º,-56.8º,-56.5º,-48.0º,-36.2º,-26.3º,-46.5º,-46.4º,-0.1º
409,-166.75,-87.75,-27.9º,-39.6º,-52.5º,-56.0º,-56.4º,-56.8º,-58.6º,-58.7º,-58.4º,-50.1º,-38.0º,-27.9º,-48.5º,-48.4º,-0.1º
410,-166.75,-88.25,-29.2º,-41.2º,-54.3º,-57.7º,-58.0º,-58.5º,-60.2º,-60.2º,-60.0º,-51.5º,-39.4º,-29.1º,-50.0º,-49.9º,-0.1º
411,-166.75,-88.75,-28.8º,-40.9º,-54.2º,-57.7º,-57.9º,-58.3º,-59.9º,-59.9º,-59.8º,-51.3º,-39.0º,-28.7º,-49.8º,-49.7º,-0.1º
412,-166.75,-89.25,-28.2º,-40.6º,-53.9º,-57.3º,-57.5º,-58.0º,-59.4º,-59.4º,-59.3º,-50.9º,-38.6º,-28.2º,-49.4º,-49.3º,-0.1º
413,-166.75,-89.75,-27.7º,-40.2º,-53.6º,-57.0º,-57.2º,-57.7º,-59.1º,-59.1º,-59.0º,-50.5º,-38.1º,-27.7º,-49.0º,-48.9º,-0.1º
414,-166.25,65.75,-19.6º,-20.0º,-18.0º,-10.8º,-2.1º,5.3º,9.1º,8.6º,4.4º,-2.7º,-10.0º,-16.4º,-5.9º,-6.0º,0.1º
415,-166.25,65.25,-18.1º,-17.4º,-15.7º,-6.9º,0.2º,8.1º,11.1º,10.5º,6.1º,-1.2º,-8.1º,-14.7º,-3.8º,-3.8º,0.0º
416,-166.25,64.75,-16.5º,-17.1º,-15.1º,-8.2º,0.4º,6.8º,9.9º,9.2º,5.1º,-2.3º,-9.0º,-14.8º,-4.2º,-4.3º,0.1º
417,-166.25,60.25,-11.7º,-12.4º,-9.5º,-5.7º,0.9º,5.5º,9.0º,9.4º,6.9º,0.9º,-3.9º,-9.8º,-1.6º,-1.7º,0.1º
418,-166.25,53.75,-1.8º,-2.2º,-1.2º,-0.2º,2.5º,5.3º,8.3º,9.1º,6.8º,3.3º,0.4º,-1.0º,2.5º,2.4º,0.1º
419,-166.25,-85.25,-15.6º,-24.4º,-35.6º,-39.9º,-41.1º,-41.0º,-44.4º,-44.7º,-44.0º,-35.5º,-24.4º,-15.6º,-33.9º,-33.8º,-0.1º
420,-166.25,-85.75,-20.8º,-30.3º,-41.8º,-45.9º,-46.9º,-47.0º,-50.0º,-50.3º,-49.7º,-41.1º,-29.9º,-20.8º,-39.7º,-39.5º,-0.2º
421,-166.25,-86.25,-20.6º,-30.9º,-42.8º,-46.7º,-47.4º,-47.6º,-50.3º,-50.5º,-50.1º,-41.5º,-30.1º,-20.6º,-40.0º,-39.9º,-0.1º
422,-166.25,-86.75,-23.7º,-34.4º,-46.6º,-50.4º,-51.1º,-51.3º,-53.7º,-53.8º,-53.5º,-45.0º,-33.4º,-23.6º,-43.5º,-43.4º,-0.1º
423,-166.25,-87.25,-26.3º,-37.5º,-50.1º,-53.7º,-54.2º,-54.6º,-56.7º,-56.7º,-56.5º,-48.0º,-36.2º,-26.3º,-46.5º,-46.4º,-0.1º
424,-166.25,-87.75,-27.8º,-39.3º,-52.2º,-55.7º,-56.1º,-56.5º,-58.4º,-58.5º,-58.2º,-49.8º,-37.8º,-27.7º,-48.2º,-48.2º,0.0º
425,-166.25,-88.25,-29.1º,-41.2º,-54.3º,-57.7º,-58.0º,-58.5º,-60.1º,-60.2º,-60.0º,-51.5º,-39.4º,-29.1º,-50.0º,-49.9º,-0.1º
426,-166.25,-88.75,-28.8º,-40.9º,-54.2º,-57.7º,-57.9º,-58.3º,-59.9º,-59.9º,-59.8º,-51.3º,-39.0º,-28.7º,-49.8º,-49.7º,-0.1º
427,-166.25,-89.25,-28.2º,-40.6º,-53.9º,-57.3º,-57.5º,-58.0º,-59.4º,-59.4º,-59.3º,-50.9º,-38.6º,-28.2º,-49.4º,-49.3º,-0.1º
428,-166.25,-89.75,-27.7º,-40.2º,-53.6º,-57.0º,-57.2º,-57.7º,-59.1º,-59.1º,-59.0º,-50.5º,-38.1º,-27.7º,-49.0º,-48.9º,-0.1º
429,-165.75,68.75,-21.2º,-22.3º,-19.3º,-13.3º,-2.8º,4.7º,8.9º,8.1º,3.3º,-5.4º,-13.4º,-19.8º,-7.6º,-7.7º,0.1º
430,-165.75,68.25,-20.1º,-21.3º,-18.3º,-12.3º,-1.8º,5.6º,9.9º,9.0º,4.3º,-4.2º,-12.1º,-18.4º,-9.5º,-6.6º,-2.9º
431,-165.75,66.25,-20.6º,-21.3º,-18.6º,-12.2º,-2.7º,4.5º,9.1º,8.6º,4.6º,-2.7º,-10.6º,-16.5º,-6.4º,-6.5º,0.1º
432,-165.75,65.75,-19.9º,-20.2º,-18.0º,-10.8º,-2.0º,5.3º,9.2º,8.7º,4.4º,-3.1º,-10.4º,-16.6º,-6.0º,-6.1º,0.1º
433,-165.75,65.25,-17.5º,-17.3º,-15.3º,-7.2º,0.6º,8.2º,11.2º,10.5º,6.1º,-1.4º,-8.3º,-14.6º,-3.7º,-3.7º,0.0º
434,-165.75,64.75,-17.1º,-17.9º,-15.8º,-9.1º,-0.1º,6.2º,9.0º,8.3º,4.1º,-3.5º,-10.2º,-15.8º,-5.1º,-5.2º,0.1º
435,-165.75,61.75,-9.4º,-10.7º,-8.2º,-4.1º,2.7º,7.3º,10.4º,10.0º,7.2º,1.2º,-3.6º,-7.5º,-0.3º,-0.4º,0.1º
436,-165.75,60.25,-10.7º,-11.3º,-8.3º,-4.8º,1.6º,6.0º,9.6º,10.0º,7.5º,1.6º,-3.0º,-8.6º,-0.8º,-0.9º,0.1º
437,-165.75,-85.25,-15.2º,-24.1º,-35.2º,-39.5º,-40.6º,-40.6º,-44.0º,-44.3º,-43.6º,-35.1º,-24.1º,-15.2º,-33.5º,-33.5º,0.0º
438,-165.75,-85.75,-20.7º,-30.2º,-41.7º,-45.8º,-46.8º,-46.9º,-49.9º,-50.2º,-49.6º,-41.0º,-29.8º,-20.6º,-39.5º,-39.4º,-0.1º
439,-165.75,-86.25,-20.4º,-30.6º,-42.4º,-46.4º,-47.1º,-47.3º,-50.0º,-50.2º,-49.8º,-41.2º,-29.9º,-20.4º,-39.8º,-39.6º,-0.2º
440,-165.75,-86.75,-23.5º,-34.2º,-46.4º,-50.2º,-50.8º,-51.1º,-53.5º,-53.6º,-53.2º,-44.8º,-33.2º,-23.4º,-43.3º,-43.2º,-0.1º
441,-165.75,-87.25,-26.3º,-37.5º,-50.1º,-53.7º,-54.1º,-54.5º,-56.6º,-56.7º,-56.4º,-47.9º,-36.1º,-26.2º,-46.4º,-46.3º,-0.1º
442,-165.75,-87.75,-27.7º,-39.3º,-52.1º,-55.6º,-56.1º,-56.5º,-58.4º,-58.5º,-58.2º,-49.8º,-37.8º,-27.7º,-48.2º,-48.1º,-0.1º
443,-165.75,-88.25,-29.1º,-41.1º,-54.3º,-57.7º,-58.0º,-58.4º,-60.1º,-60.2º,-59.9º,-51.5º,-39.4º,-29.1º,-50.0º,-49.9º,-0.1º
444,-165.75,-88.75,-28.8º,-40.9º,-54.2º,-57.7º,-57.9º,-58.3º,-59.9º,-59.9º,-59.8º,-51.2º,-39.0º,-28.7º,-49.8º,-49.7º,-0.1º
445,-165.75,-89.25,-28.2º,-40.5º,-53.9º,-57.3º,-57.5º,-58.0º,-59.4º,-59.4º,-59.3º,-50.9º,-38.6º,-28.1º,-49.3º,-49.3º,0.0º
446,-165.75,-89.75,-27.7º,-40.2º,-53.6º,-57.0º,-57.2º,-57.7º,-59.1º,-59.1º,-59.0º,-50.5º,-38.1º,-27.7º,-49.0º,-48.9º,-0.1º
447,-165.25,68.75,-20.9º,-21.9º,-18.8º,-12.7º,-2.0º,5.4º,9.7º,8.8º,3.8º,-5.2º,-13.3º,-19.4º,-7.1º,-7.2º,0.1º
448,-165.25,68.25,-20.1º,-21.2º,-18.3º,-12.1º,-1.5º,5.8º,10.2º,9.2º,4.3º,-4.4º,-12.6º,-18.6º,-6.5º,-6.6º,0.1º
449,-165.25,66.25,-20.2º,-21.0º,-18.2º,-11.8º,-2.1º,5.2º,9.6º,9.1º,4.8º,-3.0º,-10.8º,-16.6º,-6.2º,-6.2º,0.0º
450,-165.25,65.75,-20.2º,-20.6º,-18.2º,-11.2º,-2.1º,5.3º,9.0º,8.4º,4.0º,-3.7º,-11.2º,-17.2º,-6.4º,-6.5º,0.1º
451,-165.25,65.25,-17.3º,-17.3º,-15.1º,-7.6º,0.8º,8.2º,11.1º,10.5º,5.9º,-1.8º,-8.8º,-14.7º,-3.8º,-3.8º,0.0º
452,-165.25,64.75,-15.6º,-16.4º,-14.1º,-7.7º,1.5º,7.7º,10.5º,9.7º,5.3º,-2.5º,-9.2º,-14.5º,-3.6º,-3.8º,0.2º
453,-165.25,62.25,-12.3º,-13.4º,-9.9º,-5.5º,2.8º,8.3º,11.1º,10.5º,6.8º,0.1º,-5.8º,-9.7º,-1.3º,-1.4º,0.1º
454,-165.25,61.75,-12.0º,-12.9º,-9.8º,-5.5º,2.2º,7.2º,10.1º,9.5º,6.2º,-0.3º,-5.7º,-10.1º,-1.7º,-1.8º,0.1º
455,-165.25,61.25,-9.7º,-10.6º,-7.8º,-3.9º,2.7º,7.4º,10.4º,10.2º,7.4º,1.2º,-3.4º,-8.1º,-0.3º,-0.3º,0.0º
456,-165.25,-85.25,-14.9º,-23.7º,-34.8º,-39.2º,-40.3º,-40.3º,-43.6º,-44.0º,-43.3º,-34.7º,-23.7º,-14.8º,-33.2º,-33.1º,-0.1º
457,-165.25,-85.75,-24.4º,-33.9º,-45.4º,-49.5º,-50.5º,-50.6º,-53.6º,-53.9º,-53.3º,-44.7º,-33.5º,-24.3º,-43.2º,-43.1º,-0.1º
458,-165.25,-86.25,-20.2º,-30.3º,-42.2º,-46.2º,-46.9º,-47.1º,-49.8º,-50.0º,-49.6º,-41.0º,-29.7º,-20.2º,-39.6º,-39.4º,-0.2º
459,-165.25,-86.75,-23.4º,-34.1º,-46.3º,-50.1º,-50.7º,-51.0º,-53.4º,-53.5º,-53.1º,-44.7º,-33.1º,-23.3º,-43.2º,-43.1º,-0.1º
460,-165.25,-87.25,-26.2º,-37.5º,-50.1º,-53.6º,-54.1º,-54.5º,-56.6º,-56.6º,-56.4º,-47.9º,-36.1º,-26.2º,-46.4º,-46.3º,-0.1º
461,-165.25,-87.75,-27.8º,-39.5º,-52.4º,-55.9º,-56.3º,-56.7º,-58.6º,-58.7º,-58.4º,-50.0º,-37.9º,-27.8º,-48.4º,-48.3º,-0.1º
462,-165.25,-88.25,-29.1º,-41.1º,-54.3º,-57.6º,-57.9º,-58.4º,-60.1º,-60.2º,-59.9º,-51.5º,-39.3º,-29.1º,-50.0º,-49.9º,-0.1º
463,-165.25,-88.75,-28.7º,-40.9º,-54.2º,-57.6º,-57.9º,-58.3º,-59.9º,-59.9º,-59.8º,-51.2º,-39.0º,-28.7º,-49.8º,-49.7º,-0.1º
464,-165.25,-89.25,-28.1º,-40.5º,-53.9º,-57.3º,-57.4º,-58.0º,-59.4º,-59.4º,-59.3º,-50.9º,-38.5º,-28.1º,-49.3º,-49.2º,-0.1º
465,-165.25,-89.75,-27.7º,-40.2º,-53.6º,-57.0º,-57.2º,-57.7º,-59.1º,-59.1º,-59.0º,-50.5º,-38.1º,-27.7º,-49.0º,-48.9º,-0.1º
466,-164.75,68.75,-21.1º,-21.9º,-18.9º,-12.7º,-1.7º,5.6º,10.0º,9.0º,3.8º,-5.4º,-13.7º,-19.8º,-7.1º,-7.2º,0.1º
467,-164.75,68.25,-21.1º,-22.0º,-19.0º,-12.7º,-2.0º,5.4º,9.8º,8.8º,3.6º,-5.4º,-13.7º,-19.5º,-7.2º,-7.3º,0.1º
468,-164.75,66.25,-19.8º,-20.5º,-17.5º,-11.3º,-1.2º,6.1º,10.4º,9.7º,5.1º,-3.2º,-11.1º,-16.9º,-5.8º,-5.9º,0.1º
469,-164.75,65.75,-20.5º,-20.8º,-18.1º,-11.5º,-1.9º,5.5º,9.1º,8.4º,3.7º,-4.3º,-12.0º,-17.7º,-7.6º,-6.7º,-0.9º
470,-164.75,65.25,-17.4º,-17.6º,-15.1º,-8.0º,1.0º,8.2º,11.1º,10.3º,5.6º,-2.4º,-9.6º,-15.2º,-4.0º,-4.1º,0.1º
471,-164.75,64.75,-16.2º,-16.8º,-14.3º,-7.7º,1.4º,8.0º,10.5º,9.6º,5.0º,-2.9º,-9.8º,-14.9º,-4.0º,-4.0º,0.0º
472,-164.75,62.75,-15.1º,-15.2º,-10.4º,-7.3º,2.5º,8.4º,11.1º,10.6º,6.4º,-0.4º,-7.3º,-11.0º,-2.2º,-2.3º,0.1º
473,-164.75,62.25,-14.1º,-14.6º,-10.6º,-6.1º,3.1º,9.0º,11.6º,10.8º,6.6º,-0.5º,-6.9º,-11.6º,-1.9º,-1.9º,0.0º
474,-164.75,61.75,-12.6º,-13.3º,-9.7º,-4.9º,3.5º,8.9º,11.6º,10.8º,7.0º,0.0º,-5.9º,-10.9º,-1.2º,-1.3º,0.1º
475,-164.75,61.25,-11.5º,-12.1º,-8.5º,-4.3º,3.0º,8.1º,11.0º,10.6º,7.3º,0.5º,-4.7º,-9.7º,-0.8º,-0.9º,0.1º
476,-164.75,60.75,-11.6º,-12.0º,-8.8º,-5.0º,1.7º,6.3º,9.4º,9.3º,6.5º,0.2º,-4.7º,-9.6º,-1.5º,-1.5º,0.0º
477,-164.75,-83.75,-5.8º,-13.3º,-23.5º,-28.4º,-30.1º,-29.6º,-33.9º,-34.2º,-33.3º,-24.6º,-14.1º,-5.7º,-23.1º,-23.0º,-0.1º
478,-164.75,-85.25,-15.5º,-24.4º,-35.5º,-39.8º,-40.9º,-40.9º,-44.2º,-44.6º,-43.9º,-35.4º,-24.4º,-15.5º,-33.8º,-33.7º,-0.1º
479,-164.75,-85.75,-22.3º,-31.8º,-43.3º,-47.4º,-48.4º,-48.5º,-51.5º,-51.8º,-51.2º,-42.6º,-31.4º,-22.2º,-41.1º,-41.0º,-0.1º
480,-164.75,-86.25,-19.9º,-30.1º,-42.1º,-46.0º,-46.7º,-46.9º,-49.6º,-49.8º,-49.4º,-40.8º,-29.5º,-19.9º,-39.4º,-39.2º,-0.2º
481,-164.75,-86.75,-23.3º,-34.1º,-46.2º,-50.0º,-50.7º,-50.9º,-53.3º,-53.4º,-53.1º,-44.6º,-33.0º,-23.2º,-43.1º,-43.0º,-0.1º
482,-164.75,-87.25,-26.1º,-37.3º,-49.9º,-53.5º,-54.0º,-54.4º,-56.5º,-56.5º,-56.3º,-47.8º,-36.0º,-26.1º,-46.3º,-46.2º,-0.1º
483,-164.75,-87.75,-27.8º,-39.5º,-52.4º,-55.9º,-56.3º,-56.7º,-58.5º,-58.6º,-58.3º,-49.8º,-37.9º,-27.8º,-48.4º,-48.3º,-0.1º
484,-164.75,-88.25,-29.1º,-41.1º,-54.3º,-57.6º,-57.9º,-58.4º,-60.1º,-60.2º,-59.9º,-51.5º,-39.3º,-29.1º,-49.9º,-49.9º,0.0º
485,-164.75,-88.75,-28.7º,-40.9º,-54.2º,-57.6º,-57.8º,-58.3º,-59.9º,-59.9º,-59.8º,-51.2º,-39.0º,-28.7º,-49.8º,-49.7º,-0.1º
486,-164.75,-89.25,-28.1º,-40.5º,-53.9º,-57.3º,-57.4º,-58.0º,-59.4º,-59.4º,-59.3º,-50.8º,-38.5º,-28.1º,-49.3º,-49.2º,-0.1º
487,-164.75,-89.75,-27.7º,-40.2º,-53.6º,-57.0º,-57.2º,-57.7º,-59.1º,-59.1º,-59.0º,-50.5º,-38.1º,-27.7º,-49.0º,-48.9º,-0.1º
488,-164.25,68.75,-21.2º,-21.9º,-18.9º,-12.5º,-1.4º,5.9º,10.3º,9.3º,3.9º,-5.6º,-14.0º,-20.0º,-7.1º,-7.2º,0.1º
489,-164.25,68.25,-21.0º,-21.9º,-18.9º,-12.6º,-1.6º,5.8º,10.2º,9.2º,3.8º,-5.6º,-14.0º,-19.8º,-7.1º,-7.2º,0.1º
490,-164.25,67.75,-19.7º,-20.7º,-17.7º,-11.4º,-0.6º,6.8º,11.3º,10.3º,4.9º,-4.3º,-12.6º,-18.3º,-6.0º,-6.0º,0.0º
491,-164.25,66.25,-19.7º,-20.3º,-17.2º,-11.2º,-0.5º,6.8º,11.0º,10.1º,5.1º,-3.5º,-11.7º,-17.3º,-5.6º,-5.7º,0.1º
492,-164.25,65.75,-21.1º,-21.3º,-18.3º,-12.0º,-1.8º,5.6º,9.2º,8.3º,3.3º,-5.2º,-13.0º,-18.5º,-7.0º,-7.1º,0.1º
493,-164.25,65.25,-19.5º,-19.5º,-16.7º,-9.9º,-0.5º,6.8º,9.5º,8.6º,3.6º,-4.7º,-12.1º,-17.3º,-5.9º,-6.0º,0.1º
494,-164.25,64.75,-16.4º,-16.5º,-13.7º,-6.7º,2.2º,9.2º,11.4º,10.3º,5.3º,-2.9º,-10.0º,-14.8º,-3.5º,-3.5º,0.0º
495,-164.25,62.75,-17.7º,-17.0º,-11.0º,-8.5º,2.0º,9.0º,11.4º,10.9º,6.1º,-1.4º,-8.8º,-13.3º,-3.1º,-3.2º,0.1º
496,-164.25,62.25,-14.9º,-14.9º,-11.2º,-6.1º,3.5º,9.5º,12.0º,10.9º,6.5º,-1.0º,-7.5º,-13.0º,-2.1º,-2.2º,0.1º
497,-164.25,61.75,-13.8º,-14.2º,-10.2º,-5.1º,3.9º,9.6º,12.1º,11.1º,7.0º,-0.6º,-6.8º,-12.4º,-1.5º,-1.6º,0.1º
498,-164.25,61.25,-12.9º,-13.2º,-9.0º,-4.5º,3.5º,8.9º,11.5º,11.0º,7.2º,0.0º,-5.8º,-11.0º,-1.1º,-1.2º,0.1º
499,-164.25,60.75,-11.6º,-11.6º,-8.1º,-3.9º,3.3º,8.2º,11.1º,10.7º,7.5º,0.8º,-4.6º,-9.6º,-0.6º,-0.6º,0.0º
